序列,物品ID,物品名称,物品描述,掉落副本ID（下划线后数值表示所属种族）,掉落副本名称,掉落出处描述,物品类型,数值参数,最大堆叠,存在时间,等级限制,品质,使用类型,作用目标类型,图标ID,合成材料,合成数量,材料合成消耗,碎片合成,碎片数量,碎片合成消耗,货币类型,单价,物品组,售价,副类型,背包类型,唯一性,是否自动打开,是否自动使用
id,itemid,name,description,dropCopy,dropCopyName,dropSourceDescription,itemType,parameter,stack,time,levelLimit,quality,usetype,targettype,iconId,synthesis,syntheticquantity,syntheticconsumption1,fragmentsynthesis,fragmentquantity,syntheticconsumption2,currencytype,price,giftGroupId,sellingprice,fatherType,bagType,uqFlag,isAutoOpen,isAutoUse
int,string,string,string,string,string,string,int,int,int,int,int,int,int,int,string,string,string,int,string,string,int,int,int,int,int,int,int,int,int,int
100001,TS10001,时光卷轴,宝箱倒计时全部减少50%，一次性购买终身有效(限购1次）,0,,,10,1,0,,,5,-1,11,TS100001,,,,,,,-1,-1,-1,-1,-1,2,0,-1,1
101001,XN10001,钻石,星际世界通用的货币，晶莹透亮！,0,,,12,1,-1,,,1,-1,7,118,,,,,,,-1,-1,-1,-1,-1,1,0,-1,0
101002,XN10002,金币,星际世界通用的货币，闪闪发光！,0,,,13,1,-1,,,1,-1,6,20,,,,,,,-1,-1,-1,-1,-1,1,0,-1,0
101003,XN10003,体力,进入副本的能量凭证。,0,,,14,1,-1,,,1,-1,-1,347,,,,,,,-1,-1,-1,-1,-1,1,0,-1,0
101004,XN10004,指挥官经验,积累到一定程度可使指挥官升级,0,,,15,1,-1,,,1,-1,2,312,,,,,,,-1,-1,-1,-1,-1,1,0,-1,0
101006,XN10006,补给,补给特殊奖,0,,,20,1,-1,,,1,-1,10,TS100002,,,,,,,-1,-1,-1,-1,-1,1,0,-1,0
101007,XN10007,活跃度,活跃度,0,,,21,1,-1,,,-1,-1,-1,-1,,,,,,,-1,-1,-1,-1,-1,1,0,-1,0
101008,XN10008,英雄经验,经验经验,0,,,22,1,-1,,,-1,-1,-1,-1,,,,,,,-1,-1,-1,-1,-1,1,0,-1,0
102001,SC10001,时光卷轴箱,,0,,,9,1,-1,,,-1,-1,-1,-1,,,,,,,-1,-1,102001,-1,-1,2,0,1,0
102002,SC10002,灵魂石箱,,0,,,9,1,-1,,,-1,-1,-1,-1,,,,,,,-1,-1,102002,-1,-1,2,0,1,0
102003,SC10003,扫荡幌1,,0,,,9,1,-1,,,-1,-1,-1,-1,,,,,,,-1,-1,102003,-1,-1,2,0,1,0
102004,SC10004,扫荡幌2,,0,,,9,1,-1,,,-1,-1,-1,-1,,,,,,,-1,-1,102004,-1,-1,2,0,1,0
102005,SC10005,基因段箱,,0,,,9,1,-1,,,-1,-1,-1,-1,,,,,,,-1,-1,102005,-1,-1,2,0,1,0
102006,SC10006,英雄进阶礼包（人族）,人族进阶材料，用于提升英雄军阶,4,,,9,1,999,,,0,-1,8,TS100005,,,,,,,1,60,102006,-1,6,2,0,0,0
102007,SC10007,英雄进阶礼包（虫族）,虫族进阶材料，用于提升英雄军阶,4,,,9,1,999,,,0,-1,8,TS100006,,,,,,,1,60,102007,-1,6,2,0,0,0
102008,SC10008,英雄进阶礼包（神族）,神族进阶材料，用于提升英雄军阶,4,,,9,1,999,,,0,-1,8,TS100007,,,,,,,1,60,102008,-1,6,2,0,0,0
102009,SC10009,单兵升级礼包（人族）,人族单兵升级材料，用于单兵升级,4,,,9,1,999,,,0,-1,8,TS100008,,,,,,,1,60,102009,-1,6,2,0,0,0
102010,SC10010,单兵升级礼包（虫族）,虫族单兵升级材料，用于单兵升级,4,,,9,1,999,,,0,-1,8,TS100009,,,,,,,1,60,102010,-1,6,2,0,0,0
102011,SC10011,单兵升级礼包（神族）,神族单兵升级材料，用于单兵升级,4,,,9,1,999,,,0,-1,8,TS100010,,,,,,,1,60,102011,-1,6,2,0,0,0
102012,SC10012,单兵强化礼包,单兵强化材料，用于单兵强化,4,,,9,1,999,,,0,-1,8,TS100011,,,,,,,1,60,102012,-1,6,2,0,0,0
105001,ZS30001,钻石堆,购买可得到大量钻石。,0,,,6,1,0,,,1,-1,7,MZ10001,,,,,,,-1,-1,105001,-1,-1,1,0,1,0
105002,ZS30002,钻石袋,购买可得到大量钻石。,0,,,6,1,0,,,1,-1,7,MZ10002,,,,,,,-1,-1,105002,-1,-1,1,0,1,0
105003,ZS30003,钻石包,购买可得到大量钻石。,0,,,6,1,0,,,1,-1,7,MZ10003,,,,,,,-1,-1,105003,-1,-1,1,0,1,0
105004,ZS30004,钻石箱,购买可得到大量钻石。,0,,,6,1,0,,,1,-1,7,MZ10004,,,,,,,-1,-1,105004,-1,-1,1,0,1,0
105005,ZS30005,钻石车,购买可得到大量钻石。,0,,,6,1,0,,,1,-1,7,MZ10005,,,,,,,-1,-1,105005,-1,-1,1,0,1,0
105006,ZS30006,钻石库,购买可得到大量钻石。,0,,,6,1,0,,,1,-1,7,MZ10006,,,,,,,-1,-1,105006,-1,-1,1,0,1,0
106001,LB30001,人族首充包,购买立即获得100钻石，并赠送医疗型英雄,0,,,9,1,999,,,0,-1,8,TS100005,,,,,,,-1,-1,106001,-1,-1,2,0,1,0
106002,LB30002,虫族首充包,购买立即获得100钻石，并赠送医疗型英雄,0,,,9,1,999,,,0,-1,8,TS100006,,,,,,,-1,-1,106002,-1,-1,2,0,1,0
106003,LB30003,神族首充包,购买立即获得100钻石，并赠送医疗型英雄,0,,,9,1,999,,,0,-1,8,TS100007,,,,,,,-1,-1,106003,-1,-1,2,0,1,0
107001,YK10001,月卡,立得300钻石，返100钻/天,0,,,6,1,0,,,0,-1,-1,YK10001,,,,,,,-1,-1,107001,-1,-1,1,0,1,0
111101,RE10001,人工基因,人族族纹升级材料,0,,,1,1,999,,,1,-1,8,RE10001,,,,,,,2,1500,-1,300,1,2,0,-1,0
121101,ZE10001,生物结晶,虫族族纹升级材料,0,,,1,1,999,,,1,-1,8,ZE10001,,,,,,,2,1500,-1,300,1,2,0,-1,0
131101,SE10001,神经元素,神族族纹升级材料,0,,,1,1,999,,,1,-1,8,SE10001,,,,,,,2,1500,-1,300,1,2,0,-1,0
112101,RX10001,一级枪械,单兵升级材料（白色品质），可用于人族单兵升级和合成材料[二级枪械],PT10002_2+PT10006_2+JY10001_2,,,23,1,999,,,1,-1,8,RX10001,,,,,,,2,1500,-1,200,1,2,0,-1,0
112102,RX10002,一级盔甲,单兵升级材料（白色品质），可用于人族单兵升级和合成材料[二级盔甲],JY10002_2+JY20001_2+JY20003_2,,,23,1,999,,,1,-1,8,RX10002,,,,,,,2,1500,-1,200,1,2,0,-1,0
112103,RX10003,一级装甲板,单兵升级材料（白色品质），可用于人族单兵升级和合成材料[二级装甲板],PT10006_2+PT10008_2+JY10003_2,,,23,1,999,,,1,-1,8,RX10003,,,,,,,2,1500,-1,200,1,2,0,-1,0
112104,RX10004,一级发动机,单兵升级材料（白色品质），可用于人族单兵升级和合成材料[二级发动机],PT10010_2+JY10004_2+PT20004_2,,,23,1,999,,,1,-1,8,RX10004,,,,,,,2,1500,-1,200,1,2,0,-1,0
112201,RX20001,二级枪械,单兵升级材料（绿色品质），可用于人族单兵升级和合成材料[三级枪械],PT20002_2+PT20004_2+JY20001_2,,,23,1,999,,,2,-1,8,RX20001,112101+312201,3+3,2000,,,,2,5000,-1,800,1,2,0,-1,0
112202,RX20002,二级盔甲,单兵升级材料（绿色品质），可用于人族单兵升级和合成材料[三级盔甲],PT20006_2+JY20002_2+JY30001_2+JY30003_2,,,23,1,999,,,2,-1,8,RX20002,112102+312202,3+3,2000,,,,2,5000,-1,800,1,2,0,-1,0
112203,RX20003,二级装甲板,单兵升级材料（绿色品质），可用于人族单兵升级和合成材料[三级装甲板],PT20008_2+JY20003_2+PT30002_2,,,23,1,999,,,2,-1,8,RX20003,112103+312203,3+3,2000,,,,2,5000,-1,800,1,2,0,-1,0
112204,RX20004,二级发动机,单兵升级材料（绿色品质），可用于人族单兵升级和合成材料[三级发动机],PT20010_2+JY20004_2+PT30004_2,,,23,1,999,,,2,-1,8,RX20004,112104+312204,3+3,2000,,,,2,5000,-1,800,1,2,0,-1,0
112301,RX30001,三级枪械,单兵升级材料（蓝色品质），可用于人族单兵升级和合成材料[四级枪械],PT30002_2+PT30004_2+JY30001_2,,,23,1,999,,,3,-1,8,RX30001,112201+312301,8+5,5000,,,,2,45000,-1,6500,1,2,0,-1,0
112302,RX30002,三级盔甲,单兵升级材料（蓝色品质），可用于人族单兵升级和合成材料[四级盔甲],PT30006_2+JY30002_2+JY40001_2+JY40003_2,,,23,1,999,,,3,-1,8,RX30002,112202+312302,8+5,5000,,,,2,45000,-1,6500,1,2,0,-1,0
112303,RX30003,三级装甲板,单兵升级材料（蓝色品质），可用于人族单兵升级和合成材料[四级装甲板],PT30008_2+JY30003_2+PT40002_2+PT40006_2,,,23,1,999,,,3,-1,8,RX30003,112203+312303,8+5,5000,,,,2,45000,-1,6500,1,2,0,-1,0
112304,RX30004,三级发动机,单兵升级材料（蓝色品质），可用于人族单兵升级和合成材料[四级发动机],PT30010_2+JY30004_2+PT40004_2+PT40008_2,,,23,1,999,,,3,-1,8,RX30004,112204+312304,8+5,5000,,,,2,45000,-1,6500,1,2,0,-1,0
112401,RX40001,四级枪械,单兵升级材料（紫色品质），可用于人族单兵升级和合成材料[五级枪械],JY40002_2,,,23,1,999,,,4,-1,8,RX40001,112301+312401,20+15,10000,,,,1,100,-1,16000,1,2,0,-1,0
112402,RX40002,四级盔甲,单兵升级材料（紫色品质），可用于人族单兵升级和合成材料[五级盔甲],JY40003_2+JY50001_2+JY50003_2,,,23,1,999,,,4,-1,8,RX40002,112302+312402,20+15,10000,,,,1,100,-1,16000,1,2,0,-1,0
112403,RX40003,四级装甲板,单兵升级材料（紫色品质），可用于人族单兵升级和合成材料[五级装甲板],JY40004_2+PT50002_2+PT50006_2,,,23,1,999,,,4,-1,8,RX40003,112303+312403,20+15,10000,,,,1,100,-1,16000,1,2,0,-1,0
112404,RX40004,四级发动机,单兵升级材料（紫色品质），可用于人族单兵升级和合成材料[五级发动机],JY40005_2+PT50004_2+PT50008_2,,,23,1,999,,,4,-1,8,RX40004,112304+312404,20+15,10000,,,,1,100,-1,16000,1,2,0,-1,0
112501,RX50001,五级枪械,单兵升级材料（橙色品质），可用于人族单兵升级,4,,,23,1,999,,,5,-1,8,RX50001,112401+312501,40+20,20000,312501,15,60000,-1,-1,-1,85000,1,2,0,-1,0
112502,RX50002,五级盔甲,单兵升级材料（橙色品质），可用于人族单兵升级,4,,,23,1,999,,,5,-1,8,RX50002,112402+312502,40+20,20000,312502,15,60000,-1,-1,-1,85000,1,2,0,-1,0
112503,RX50003,五级装甲板,单兵升级材料（橙色品质），可用于人族单兵升级,4,,,23,1,999,,,5,-1,8,RX50003,112403+312503,40+20,20000,312503,15,60000,-1,-1,-1,85000,1,2,0,-1,0
112504,RX50004,五级发动机,单兵升级材料（橙色品质），可用于人族单兵升级,4,,,23,1,999,,,5,-1,8,RX50004,112404+312504,40+20,20000,312504,15,60000,-1,-1,-1,85000,1,2,0,-1,0
122101,ZX10001,一级生物甲壳,单兵升级材料（白色品质），可用于虫族单兵升级和合成材料[二级生物甲],PT10002_3+PT10006_3+JY10001_3,,,23,1,999,,,1,-1,8,ZX10001,,,,,,,2,1500,-1,200,1,2,0,-1,0
122102,ZX10002,一级复合骨爪,单兵升级材料（白色品质），可用于虫族单兵升级和合成材料[二级复合骨爪],JY10002_3+JY20001_3+JY20003_3,,,23,1,999,,,1,-1,8,ZX10002,,,,,,,2,1500,-1,200,1,2,0,-1,0
122103,ZX10003,一级强化肌腱,单兵升级材料（白色品质），可用于虫族单兵升级和合成材料[二级强化肌腱],PT10006_3+PT10008_3+JY10003_3,,,23,1,999,,,1,-1,8,ZX10003,,,,,,,2,1500,-1,200,1,2,0,-1,0
122104,ZX10004,一级增强毒腺,单兵升级材料（白色品质），可用于虫族单兵升级和合成材料[二级增强毒腺],PT10010_3+JY10004_3+PT20004_3,,,23,1,999,,,1,-1,8,ZX10004,,,,,,,2,1500,-1,200,1,2,0,-1,0
122201,ZX20001,二级生物甲壳,单兵升级材料（绿色品质），可用于虫族单兵升级和合成材料[三级生物甲],PT20002_3+PT20004_3+JY20001_3,,,23,1,999,,,2,-1,8,ZX20001,122101+322201,3+3,2000,,,,2,5000,-1,800,1,2,0,-1,0
122202,ZX20002,二级复合骨爪,单兵升级材料（绿色品质），可用于虫族单兵升级和合成材料[三级复合骨爪],PT20006_3+JY20002_3+JY30001_3+JY30003_3,,,23,1,999,,,2,-1,8,ZX20002,122102+322202,3+3,2000,,,,2,5000,-1,800,1,2,0,-1,0
122203,ZX20003,二级强化肌腱,单兵升级材料（绿色品质），可用于虫族单兵升级和合成材料[三级强化肌腱],PT20008_3+JY20003_3+PT30002_3,,,23,1,999,,,2,-1,8,ZX20003,122103+322203,3+3,2000,,,,2,5000,-1,800,1,2,0,-1,0
122204,ZX20004,二级增强毒腺,单兵升级材料（绿色品质），可用于虫族单兵升级和合成材料[三级增强毒腺],PT20010_3+JY20004_3+PT30004_3,,,23,1,999,,,2,-1,8,ZX20004,122104+322204,3+3,2000,,,,2,5000,-1,800,1,2,0,-1,0
122301,ZX30001,三级生物甲壳,单兵升级材料（蓝色品质），可用于虫族单兵升级和合成材料[四级生物甲],PT30002_3+PT30004_3+JY30001_3,,,23,1,999,,,3,-1,8,ZX30001,122201+322301,8+5,5000,,,,2,45000,-1,6500,1,2,0,-1,0
122302,ZX30002,三级复合骨爪,单兵升级材料（蓝色品质），可用于虫族单兵升级和合成材料[四级复合骨爪],PT30006_3+JY30002_3+JY40001_3+JY40003_3,,,23,1,999,,,3,-1,8,ZX30002,122202+322302,8+5,5000,,,,2,45000,-1,6500,1,2,0,-1,0
122303,ZX30003,三级强化肌腱,单兵升级材料（蓝色品质），可用于虫族单兵升级和合成材料[四级强化肌腱],PT30008_3+JY30003_3+PT40002_3+PT40006_3,,,23,1,999,,,3,-1,8,ZX30003,122203+322303,8+5,5000,,,,2,45000,-1,6500,1,2,0,-1,0
122304,ZX30004,三级增强毒腺,单兵升级材料（蓝色品质），可用于虫族单兵升级和合成材料[四级增强毒腺],PT30010_3+JY30004_3+PT40004_3+PT40008_3,,,23,1,999,,,3,-1,8,ZX30004,122204+322304,8+5,5000,,,,2,45000,-1,6500,1,2,0,-1,0
122401,ZX40001,四级生物甲壳,单兵升级材料（紫色品质），可用于虫族单兵升级和合成材料[五级生物甲],JY40002_3,,,23,1,999,,,4,-1,8,ZX40001,122301+322401,20+15,10000,,,,1,100,-1,16000,1,2,0,-1,0
122402,ZX40002,四级复合骨爪,单兵升级材料（紫色品质），可用于虫族单兵升级和合成材料[五级复合骨爪],JY40003_3+JY50001_3+JY50003_3,,,23,1,999,,,4,-1,8,ZX40002,122302+322402,20+15,10000,,,,1,100,-1,16000,1,2,0,-1,0
122403,ZX40003,四级强化肌腱,单兵升级材料（紫色品质），可用于虫族单兵升级和合成材料[五级强化肌腱],JY40004_3+PT50002_3+PT50006_3,,,23,1,999,,,4,-1,8,ZX40003,122303+322403,20+15,10000,,,,1,100,-1,16000,1,2,0,-1,0
122404,ZX40004,四级增强毒腺,单兵升级材料（紫色品质），可用于虫族单兵升级和合成材料[五级增强毒腺],JY40005_3+PT50004_3+PT50008_3,,,23,1,999,,,4,-1,8,ZX40004,122304+322404,20+15,10000,,,,1,100,-1,16000,1,2,0,-1,0
122501,ZX50001,五级生物甲壳,单兵升级材料（橙色品质），可用于虫族单兵升级,4,,,23,1,999,,,5,-1,8,ZX50001,122401+322501,40+20,20000,322501,15,60000,-1,-1,-1,85000,1,2,0,-1,0
122502,ZX50002,五级复合骨爪,单兵升级材料（橙色品质），可用于虫族单兵升级,4,,,23,1,999,,,5,-1,8,ZX50002,122402+322502,40+20,20000,322502,15,60000,-1,-1,-1,85000,1,2,0,-1,0
122503,ZX50003,五级强化肌腱,单兵升级材料（橙色品质），可用于虫族单兵升级,4,,,23,1,999,,,5,-1,8,ZX50003,122403+322503,40+20,20000,322503,15,60000,-1,-1,-1,85000,1,2,0,-1,0
122504,ZX50004,五级增强毒腺,单兵升级材料（橙色品质），可用于虫族单兵升级,4,,,23,1,999,,,5,-1,8,ZX50004,122404+322504,40+20,20000,322504,15,60000,-1,-1,-1,85000,1,2,0,-1,0
132101,SX10001,一级能量盾,单兵升级材料（白色品质），可用于神族单兵升级和合成材料[二级能量盾],PT10002_4+PT10006_4+JY10001_4,,,23,1,999,,,1,-1,8,SX10001,,,,,,,2,1500,-1,200,1,2,0,-1,0
132102,SX10002,一级光子刃,单兵升级材料（白色品质），可用于神族单兵升级和合成材料[二级光子刃],JY10002_4+JY20001_4+JY20003_4,,,23,1,999,,,1,-1,8,SX10002,,,,,,,2,1500,-1,200,1,2,0,-1,0
132103,SX10003,一级神族机甲,单兵升级材料（白色品质），可用于神族单兵升级和合成材料[二级神族机甲],PT10006_4+PT10008_4+JY10003_4,,,23,1,999,,,1,-1,8,SX10003,,,,,,,2,1500,-1,200,1,2,0,-1,0
132104,SX10004,一级灵子炮体,单兵升级材料（白色品质），可用于神族单兵升级和合成材料[二级灵子炮体],PT10010_4+JY10004_4+PT20004_4,,,23,1,999,,,1,-1,8,SX10004,,,,,,,2,1500,-1,200,1,2,0,-1,0
132201,SX20001,二级能量盾,单兵升级材料（绿色品质），可用于神族单兵升级和合成材料[三级能量盾],PT20002_4+PT20004_4+JY20001_4,,,23,1,999,,,2,-1,8,SX20001,132101+332201,3+3,2000,,,,2,5000,-1,800,1,2,0,-1,0
132202,SX20002,二级光子刃,单兵升级材料（绿色品质），可用于神族单兵升级和合成材料[三级光子刃],PT20006_4+JY20002_4+JY30001_4+JY30003_4,,,23,1,999,,,2,-1,8,SX20002,132102+332202,3+3,2000,,,,2,5000,-1,800,1,2,0,-1,0
132203,SX20003,二级神族机甲,单兵升级材料（绿色品质），可用于神族单兵升级和合成材料[三级神族机甲],PT20008_4+JY20003_4+PT30002_4,,,23,1,999,,,2,-1,8,SX20003,132103+332203,3+3,2000,,,,2,5000,-1,800,1,2,0,-1,0
132204,SX20004,二级灵子炮体,单兵升级材料（绿色品质），可用于神族单兵升级和合成材料[三级灵子炮体],PT20010_4+JY20004_4+PT30004_4,,,23,1,999,,,2,-1,8,SX20004,132104+332204,3+3,2000,,,,2,5000,-1,800,1,2,0,-1,0
132301,SX30001,三级能量盾,单兵升级材料（蓝色品质），可用于神族单兵升级和合成材料[四级能量盾],PT30002_4+PT30004_4+JY30001_4,,,23,1,999,,,3,-1,8,SX30001,132201+332301,8+5,5000,,,,2,45000,-1,6500,1,2,0,-1,0
132302,SX30002,三级光子刃,单兵升级材料（蓝色品质），可用于神族单兵升级和合成材料[四级光子刃],PT30006_4+JY30002_4+JY40001_4+JY40003_4,,,23,1,999,,,3,-1,8,SX30002,132202+332302,8+5,5000,,,,2,45000,-1,6500,1,2,0,-1,0
132303,SX30003,三级神族机甲,单兵升级材料（蓝色品质），可用于神族单兵升级和合成材料[四级神族机甲],PT30008_4+JY30003_4+PT40002_4+PT40006_4,,,23,1,999,,,3,-1,8,SX30003,132203+332303,8+5,5000,,,,2,45000,-1,6500,1,2,0,-1,0
132304,SX30004,三级灵子炮体,单兵升级材料（蓝色品质），可用于神族单兵升级和合成材料[四级灵子炮体],PT30010_4+JY30004_4+PT40004_4+PT40008_4,,,23,1,999,,,3,-1,8,SX30004,132204+332304,8+5,5000,,,,2,45000,-1,6500,1,2,0,-1,0
132401,SX40001,四级能量盾,单兵升级材料（紫色品质），可用于神族单兵升级和合成材料[五级能量盾],JY40002_4,,,23,1,999,,,4,-1,8,SX40001,132301+332301,20+15,10000,,,,1,100,-1,16000,1,2,0,-1,0
132402,SX40002,四级光子刃,单兵升级材料（紫色品质），可用于神族单兵升级和合成材料[五级光子刃],JY40003_4+JY50001_4+JY50003_4,,,23,1,999,,,4,-1,8,SX40002,132302+332302,20+15,10000,,,,1,100,-1,16000,1,2,0,-1,0
132403,SX40003,四级神族机甲,单兵升级材料（紫色品质），可用于神族单兵升级和合成材料[五级神族机甲],JY40004_4+PT50002_4+PT50006_4,,,23,1,999,,,4,-1,8,SX40003,132303+332303,20+15,10000,,,,1,100,-1,16000,1,2,0,-1,0
132404,SX40004,四级灵子炮体,单兵升级材料（紫色品质），可用于神族单兵升级和合成材料[五级灵子炮体],JY40005_4+PT50004_4+PT50008_4,,,23,1,999,,,4,-1,8,SX40004,132304+332304,20+15,10000,,,,1,100,-1,16000,1,2,0,-1,0
132501,SX50001,五级能量盾,单兵升级材料（橙色品质），可用于神族单兵升级,4,,,23,1,999,,,5,-1,8,SX50001,132401+332501,40+20,20000,332501,15,60000,-1,-1,-1,85000,1,2,0,-1,0
132502,SX50002,五级光子刃,单兵升级材料（橙色品质），可用于神族单兵升级,4,,,23,1,999,,,5,-1,8,SX50002,132402+332502,40+20,20000,332502,15,60000,-1,-1,-1,85000,1,2,0,-1,0
132503,SX50003,五级神族机甲,单兵升级材料（橙色品质），可用于神族单兵升级,4,,,23,1,999,,,5,-1,8,SX50003,132403+332503,40+20,20000,332503,15,60000,-1,-1,-1,85000,1,2,0,-1,0
132504,SX50004,五级灵子炮体,单兵升级材料（橙色品质），可用于神族单兵升级,4,,,23,1,999,,,5,-1,8,SX50004,132404+332504,40+20,20000,332504,15,60000,-1,-1,-1,85000,1,2,0,-1,0
200101,ZY10101,征服白色品质物品,,0,,,9,-1,0,,,-1,-1,-1,-1,,,,,,,-1,-1,200101,-1,-1,2,0,1,0
200102,ZY10102,征服绿色品质物品,,0,,,9,-1,0,,,-1,-1,-1,-1,,,,,,,-1,-1,200102,-1,-1,2,0,1,0
200103,ZY10103,征服蓝色品质物品,,0,,,9,-1,0,,,-1,-1,-1,-1,,,,,,,-1,-1,200103,-1,-1,2,0,1,0
200104,ZY10104,征服紫色品质物品,,0,,,9,-1,0,,,-1,-1,-1,-1,,,,,,,-1,-1,200104,-1,-1,2,0,1,0
200105,ZY10105,征服橙色品质物品,,0,,,9,-1,0,,,-1,-1,-1,-1,,,,,,,-1,-1,200105,-1,-1,2,0,1,0
200201,ZY10106,科技1英雄基因段,,0,,,9,-1,0,,,-1,-1,-1,-1,,,,,,,-1,-1,200201,-1,-1,2,0,1,0
200202,ZY10107,科技2英雄基因段,,0,,,9,-1,0,,,-1,-1,-1,-1,,,,,,,-1,-1,200202,-1,-1,2,0,1,0
200203,ZY10108,人族科技3英雄基因段,,0,,,9,-1,0,,,-1,-1,-1,-1,,,,,,,-1,-1,200203,-1,-1,2,0,1,0
200204,ZY10109,虫族科技3英雄基因段,,0,,,9,-1,0,,,-1,-1,-1,-1,,,,,,,-1,-1,200204,-1,-1,2,0,1,0
200205,ZY10110,神族科技3英雄基因段,,0,,,9,-1,0,,,-1,-1,-1,-1,,,,,,,-1,-1,200205,-1,-1,2,0,1,0
200206,ZY10111,初级基因段箱,包含人族猎犬牛仔、虫族伦恩、神族狂徒等基因段,0,,,9,-1,0,,,-1,-1,-1,TS100004 ,,,,,,,-1,-1,200211,-1,-1,2,0,1,0
215001,ZY10116,排行奖励1（征服单人模式小周期）,,0,,,9,-1,0,,,-1,-1,-1,-1,,,,,,,-1,-1,215001,-1,-1,2,0,1,0
215002,ZY10117,排行奖励2（征服单人模式小周期）,,0,,,9,-1,0,,,-1,-1,-1,-1,,,,,,,-1,-1,215002,-1,-1,2,0,1,0
215003,ZY10118,排行奖励3（征服单人模式小周期）,,0,,,9,-1,0,,,-1,-1,-1,-1,,,,,,,-1,-1,215003,-1,-1,2,0,1,0
215004,ZY10119,排行奖励4（征服单人模式小周期）,,0,,,9,-1,0,,,-1,-1,-1,-1,,,,,,,-1,-1,215004,-1,-1,2,0,1,0
215005,ZY10120,排行奖励5（征服单人模式小周期）,,0,,,9,-1,0,,,-1,-1,-1,-1,,,,,,,-1,-1,215005,-1,-1,2,0,1,0
215006,ZY10121,排行奖励6（征服单人模式小周期）,,0,,,9,-1,0,,,-1,-1,-1,-1,,,,,,,-1,-1,215006,-1,-1,2,0,1,0
215007,ZY10122,排行奖励7（征服单人模式小周期）,,0,,,9,-1,0,,,-1,-1,-1,-1,,,,,,,-1,-1,215007,-1,-1,2,0,1,0
215101,ZY10123,排行奖励1（PVP模式小周期）,,0,,,9,-1,0,,,-1,-1,-1,-1,,,,,,,-1,-1,215101,-1,-1,2,0,1,0
215102,ZY10124,排行奖励2（PVP模式小周期）,,0,,,9,-1,0,,,-1,-1,-1,-1,,,,,,,-1,-1,215102,-1,-1,2,0,1,0
215103,ZY10125,排行奖励3（PVP模式小周期）,,0,,,9,-1,0,,,-1,-1,-1,-1,,,,,,,-1,-1,215103,-1,-1,2,0,1,0
215104,ZY10126,排行奖励4（PVP模式小周期）,,0,,,9,-1,0,,,-1,-1,-1,-1,,,,,,,-1,-1,215104,-1,-1,2,0,1,0
215105,ZY10127,排行奖励5（PVP模式小周期）,,0,,,9,-1,0,,,-1,-1,-1,-1,,,,,,,-1,-1,215105,-1,-1,2,0,1,0
215106,ZY10128,排行奖励6（PVP模式小周期）,,0,,,9,-1,0,,,-1,-1,-1,-1,,,,,,,-1,-1,215106,-1,-1,2,0,1,0
215107,ZY10129,排行奖励7（PVP模式小周期）,,0,,,9,-1,0,,,-1,-1,-1,-1,,,,,,,-1,-1,215107,-1,-1,2,0,1,0
215201,ZY10130,排行奖励8（PVP模式小周期）,,0,,,9,-1,0,,,-1,-1,-1,-1,,,,,,,-1,-1,215201,-1,-1,2,0,1,0
215202,ZY10131,排行奖励9（PVP模式小周期）,,0,,,9,-1,0,,,-1,-1,-1,-1,,,,,,,-1,-1,215202,-1,-1,2,0,1,0
215203,ZY10132,排行奖励10（PVP模式小周期）,,0,,,9,-1,0,,,-1,-1,-1,-1,,,,,,,-1,-1,215203,-1,-1,2,0,1,0
215204,ZY10133,排行奖励11（PVP模式小周期）,,0,,,9,-1,0,,,-1,-1,-1,-1,,,,,,,-1,-1,215204,-1,-1,2,0,1,0
215205,ZY10134,排行奖励12（PVP模式小周期）,,0,,,9,-1,0,,,-1,-1,-1,-1,,,,,,,-1,-1,215205,-1,-1,2,0,1,0
215206,ZY10135,排行奖励13（PVP模式小周期）,,0,,,9,-1,0,,,-1,-1,-1,-1,,,,,,,-1,-1,215206,-1,-1,2,0,1,0
215207,ZY10136,排行奖励14（PVP模式小周期）,,0,,,9,-1,0,,,-1,-1,-1,-1,,,,,,,-1,-1,215207,-1,-1,2,0,1,0
243101,ZF10001,摩诃星粒,强化材料（白色品质）&[从摩诃星云采集到的物质，散发淡淡的能量光芒。],9,,,2,1,999,,,1,-1,8,ZF10001,,,,,,,2,500,-1,100,1,2,0,-1,0
243102,ZF10002,冰晶浮粒,强化材料（白色品质）&[在冥星中漂浮的方尘状物质，外表温度极低。],9,,,2,1,999,,,1,-1,8,ZF10002,,,,,,,2,500,-1,100,1,2,0,-1,0
243103,ZF10003,反物质粒,强化材料（白色品质）&[从破碎的星域外围区域获得的尘状物质。],9,,,2,1,999,,,1,-1,8,ZF10003,,,,,,,2,500,-1,100,1,2,0,-1,0
243104,ZF10004,辐射光粒,强化材料（白色品质）&[依附在克拉斯特星外表，长期受到射线污染而凝结成的物质。],9,,,2,1,999,,,1,-1,8,ZF10004,,,,,,,2,500,-1,100,1,2,0,-1,0
243201,ZF20001,恒辐射质,强化材料（绿色品质）&[汇聚在星云的表面，有能量辐射的粒子。],9,,,2,1,999,,,2,-1,8,ZF20001,243201+313201,5+5,2000,-1,-1,-1,2,3000,-1,500,1,2,0,-1,0
243202,ZF20002,星空冰石,强化材料（绿色品质）&[在星空极寒之地，每年获取需要付出大量人员伤亡。],9,,,2,1,999,,,2,-1,8,ZF20002,243202+313202,5+5,2000,-1,-1,-1,2,3000,-1,500,1,2,0,-1,0
243203,ZF20003,蓝晶裂片,强化材料（绿色品质）&[如蓝宝石般晶莹光亮，吸引着无数种族去掠取。],9,,,2,1,999,,,2,-1,8,ZF20003,243203+313203,5+5,2000,-1,-1,-1,2,3000,-1,500,1,2,0,-1,0
243204,ZF20004,毒遗留体,强化材料（绿色品质）&[在毒雾与沼泽都存在的地表上，带有大量的污染放射波。],9,,,2,1,999,,,2,-1,8,ZF20004,243204+313204,5+5,2000,-1,-1,-1,2,3000,-1,500,1,2,0,-1,0
243301,ZF30001,星域晶矿,强化材料（蓝色品质）&[宇宙星域深处采集的高级能源物质。],9,,,2,1,999,,,3,-1,8,ZF30001,243301+313301,10+5,5000,-1,-1,-1,2,40000,-1,5000,1,2,0,-1,0
243302,ZF30002,寒冰矿石,强化材料（蓝色品质）&[旋涡星系核心采集的高级能源物质。],9,,,2,1,999,,,3,-1,8,ZF30002,243302+313302,10+5,5000,-1,-1,-1,2,40000,-1,5000,1,2,0,-1,0
243303,ZF30003,阿贝尔异矿,强化材料（蓝色品质）&[阿贝尔星系群核心采集的高级能源物质。],9,,,2,1,999,,,3,-1,8,ZF30003,243303+313303,10+5,5000,-1,-1,-1,2,40000,-1,5000,1,2,0,-1,0
243304,ZF30004,灵源矿石,强化材料（蓝色品质）&[大麦哲伦云星系核心采集的高级能源物质。],9,,,2,1,999,,,3,-1,8,ZF30004,243304+313304,10+5,5000,-1,-1,-1,2,40000,-1,5000,1,2,0,-1,0
243401,ZF40001,生命雾气,强化材料（紫色品质）&[从木星集聚生命之源的地底深处收集到的稀缺物质。],9,,,2,1,999,,,4,-1,8,ZF40001,243401+313401,15+10,10000,-1,-1,-1,1,80,-1,10000,1,2,0,-1,0
243402,ZF40002,寒冰雾气,强化材料（紫色品质）&[漂浮游走在水星表层的雾气，采集压缩形成的稀缺物质。],9,,,2,1,999,,,4,-1,8,ZF40002,243402+313402,15+10,10000,-1,-1,-1,1,80,-1,10000,1,2,0,-1,0
243403,ZF40003,聚能曜石,强化材料（紫色品质）&[在金星深处采集的能源矿石，作为熔炼装备的重要军用物资。],9,,,2,1,999,,,4,-1,8,ZF40003,243403+313403,15+10,10000,-1,-1,-1,1,80,-1,10000,1,2,0,-1,0
243404,ZF40004,矿脉熔炎,强化材料（紫色品质）&[在火星地心处的烈焰，是重要的冶炼物资。],9,,,2,1,999,,,4,-1,8,ZF40004,243404+313404,15+10,10000,-1,-1,-1,1,80,-1,10000,1,2,0,-1,0
243501,ZF50001,牵引磁力,强化材料（橙色品质）&[在战争毁灭的破碎空间，有着阻挡空间跳转的能力。],9,,,2,1,999,,,5,-1,8,ZF50001,243501+313501,20+15,25000,-1,-1,-1,-1,-1,-1,50000,1,2,0,-1,0
243502,ZF50002,机控镭射磁,强化材料（橙色品质）&[从虫洞外围收集到的物质，可影响一切设备的运转。],9,,,2,1,999,,,5,-1,8,ZF50002,243502+313501,20+15,25000,-1,-1,-1,-1,-1,-1,50000,1,2,0,-1,0
243503,ZF50003,本源射线,强化材料（橙色品质）&[核心能源产生的光线，其可怕不只是表面。],9,,,2,1,999,,,5,-1,8,ZF50003,243503+313501,20+15,25000,-1,-1,-1,-1,-1,-1,50000,1,2,0,-1,0
243504,ZF50004,暗物质源,强化材料（橙色品质）&[在宇宙黑暗深处，是暗物质的集中产物。],9,,,2,1,999,,,5,-1,8,ZF50004,243504+313501,20+15,25000,-1,-1,-1,-1,-1,-1,50000,1,2,0,-1,0
312201,RX20101,二级枪械碎片,材料碎片（绿色品质），用于合成人族单兵升级材料[二级枪械],JY10002_2,,,3,1,999,,,2,-1,8,RX20101,,,,,,,-1,-1,-1,500,7,2,0,-1,0
312202,RX20102,二级盔甲碎片,材料碎片（绿色品质），用于合成人族单兵升级材料[二级盔甲],JY10003_2,,,3,1,999,,,2,-1,8,RX20102,,,,,,,-1,-1,-1,500,7,2,0,-1,0
312203,RX20103,二级装甲板碎片,材料碎片（绿色品质），用于合成人族单兵升级材料[二级装甲板],JY10004_2,,,3,1,999,,,2,-1,8,RX20103,,,,,,,-1,-1,-1,500,7,2,0,-1,0
312204,RX20104,二级发动机碎片,材料碎片（绿色品质），用于合成人族单兵升级材料[二级发动机],JY10005_2,,,3,1,999,,,2,-1,8,RX20104,,,,,,,-1,-1,-1,500,7,2,0,-1,0
312301,RX30101,三级枪械碎片,材料碎片（蓝色品质），用于合成人族单兵升级材料[三级枪械],JY20002_2,,,3,1,999,,,3,-1,8,RX30101,,,,,,,-1,-1,-1,5000,7,2,0,-1,0
312302,RX30102,三级盔甲碎片,材料碎片（蓝色品质），用于合成人族单兵升级材料[三级盔甲],JY20003_2,,,3,1,999,,,3,-1,8,RX30102,,,,,,,-1,-1,-1,5000,7,2,0,-1,0
312303,RX30103,三级装甲板碎片,材料碎片（蓝色品质），用于合成人族单兵升级材料[三级装甲板],JY20004_2,,,3,1,999,,,3,-1,8,RX30103,,,,,,,-1,-1,-1,5000,7,2,0,-1,0
312304,RX30104,三级发动机碎片,材料碎片（蓝色品质），用于合成人族单兵升级材料[三级发动机],JY20005_2,,,3,1,999,,,3,-1,8,RX30104,,,,,,,-1,-1,-1,5000,7,2,0,-1,0
312401,RX40101,四级枪械碎片,材料碎片（紫色品质），用于合成人族单兵升级材料[四级枪械],JY30002_2,,,3,1,999,,,4,-1,8,RX40101,,,,,,,-1,-1,-1,10000,7,2,0,-1,0
312402,RX40102,四级盔甲碎片,材料碎片（紫色品质），用于合成人族单兵升级材料[四级盔甲],JY30003_2,,,3,1,999,,,4,-1,8,RX40102,,,,,,,-1,-1,-1,10000,7,2,0,-1,0
312403,RX40103,四级装甲板碎片,材料碎片（紫色品质），用于合成人族单兵升级材料[四级装甲板],JY30004_2,,,3,1,999,,,4,-1,8,RX40103,,,,,,,-1,-1,-1,10000,7,2,0,-1,0
312404,RX40104,四级发动机碎片,材料碎片（紫色品质），用于合成人族单兵升级材料[四级发动机],JY30005_2,,,3,1,999,,,4,-1,8,RX40104,,,,,,,-1,-1,-1,10000,7,2,0,-1,0
312501,RX50101,五级枪械碎片,材料碎片（橙色品质），用于合成人族单兵升级材料[五级枪械],4,,,3,1,999,,,5,-1,8,RX50101,,,,,,,1,50,-1,-1,7,2,0,-1,0
312502,RX50102,五级盔甲碎片,材料碎片（橙色品质），用于合成人族单兵升级材料[五级盔甲],4,,,3,1,999,,,5,-1,8,RX50102,,,,,,,1,50,-1,-1,7,2,0,-1,0
312503,RX50103,五级装甲板碎片,材料碎片（橙色品质），用于合成人族单兵升级材料[五级装甲板],4,,,3,1,999,,,5,-1,8,RX50103,,,,,,,1,50,-1,-1,7,2,0,-1,0
312504,RX50104,五级发动机碎片,材料碎片（橙色品质），用于合成人族单兵升级材料[五级发动机],4,,,3,1,999,,,5,-1,8,RX50104,,,,,,,1,50,-1,-1,7,2,0,-1,0
322201,ZX20101,二级生物甲壳碎片,材料碎片（绿色品质），用于合成虫族单兵升级材料[二级生物甲壳],JY10002_3,,,3,1,999,,,2,-1,8,ZX20101,,,,,,,-1,-1,-1,500,7,2,0,-1,0
322202,ZX20102,二级复合骨爪碎片,材料碎片（绿色品质），用于合成虫族单兵升级材料[二级复合骨爪],JY10003_3,,,3,1,999,,,2,-1,8,ZX20102,,,,,,,-1,-1,-1,500,7,2,0,-1,0
322203,ZX20103,二级强化肌腱碎片,材料碎片（绿色品质），用于合成虫族单兵升级材料[二级强化肌腱],JY10004_3,,,3,1,999,,,2,-1,8,ZX20103,,,,,,,-1,-1,-1,500,7,2,0,-1,0
322204,ZX20104,二级增强毒腺碎片,材料碎片（绿色品质），用于合成虫族单兵升级材料[二级增强毒腺],JY10005_3,,,3,1,999,,,2,-1,8,ZX20104,,,,,,,-1,-1,-1,500,7,2,0,-1,0
322301,ZX30101,三级生物甲壳碎片,材料碎片（蓝色品质），用于合成虫族单兵升级材料[三级生物甲壳],JY20002_3,,,3,1,999,,,3,-1,8,ZX30101,,,,,,,-1,-1,-1,5000,7,2,0,-1,0
322302,ZX30102,三级复合骨爪碎片,材料碎片（蓝色品质），用于合成虫族单兵升级材料[三级复合骨爪],JY20003_3,,,3,1,999,,,3,-1,8,ZX30102,,,,,,,-1,-1,-1,5000,7,2,0,-1,0
322303,ZX30103,三级强化肌腱碎片,材料碎片（蓝色品质），用于合成虫族单兵升级材料[三级强化肌腱],JY20004_3,,,3,1,999,,,3,-1,8,ZX30103,,,,,,,-1,-1,-1,5000,7,2,0,-1,0
322304,ZX30104,三级增强毒腺碎片,材料碎片（蓝色品质），用于合成虫族单兵升级材料[三级增强毒腺],JY20005_3,,,3,1,999,,,3,-1,8,ZX30104,,,,,,,-1,-1,-1,5000,7,2,0,-1,0
322401,ZX40101,四级生物甲壳碎片,材料碎片（紫色品质），用于合成虫族单兵升级材料[四级生物甲壳],JY30002_3,,,3,1,999,,,4,-1,8,ZX40101,,,,,,,-1,-1,-1,10000,7,2,0,-1,0
322402,ZX40102,四级复合骨爪碎片,材料碎片（紫色品质），用于合成虫族单兵升级材料[四级复合骨爪],JY30003_3,,,3,1,999,,,4,-1,8,ZX40102,,,,,,,-1,-1,-1,10000,7,2,0,-1,0
322403,ZX40103,四级强化肌腱碎片,材料碎片（紫色品质），用于合成虫族单兵升级材料[四级强化肌腱],JY30004_3,,,3,1,999,,,4,-1,8,ZX40103,,,,,,,-1,-1,-1,10000,7,2,0,-1,0
322404,ZX40104,四级增强毒腺碎片,材料碎片（紫色品质），用于合成虫族单兵升级材料[四级增强毒腺],JY30005_3,,,3,1,999,,,4,-1,8,ZX40104,,,,,,,-1,-1,-1,10000,7,2,0,-1,0
322501,ZX50101,五级生物甲壳碎片,材料碎片（橙色品质），用于合成虫族单兵升级材料[五级生物甲壳],4,,,3,1,999,,,5,-1,8,ZX50101,,,,,,,1,50,-1,-1,7,2,0,-1,0
322502,ZX50102,五级复合骨爪碎片,材料碎片（橙色品质），用于合成虫族单兵升级材料[五级复合骨爪],4,,,3,1,999,,,5,-1,8,ZX50102,,,,,,,1,50,-1,-1,7,2,0,-1,0
322503,ZX50103,五级强化肌腱碎片,材料碎片（橙色品质），用于合成虫族单兵升级材料[五级强化肌腱],4,,,3,1,999,,,5,-1,8,ZX50103,,,,,,,1,50,-1,-1,7,2,0,-1,0
322504,ZX50104,五级增强毒腺碎片,材料碎片（橙色品质），用于合成虫族单兵升级材料[五级增强毒腺],4,,,3,1,999,,,5,-1,8,ZX50104,,,,,,,1,50,-1,-1,7,2,0,-1,0
332201,SX20101,二级能量盾碎片,材料碎片（绿色品质），用于合成神族单兵升级材料[二级能量盾],JY10002_4,,,3,1,999,,,2,-1,8,SX20101,,,,,,,-1,-1,-1,500,7,2,0,-1,0
332202,SX20102,二级光子刃碎片,材料碎片（绿色品质），用于合成神族单兵升级材料[二级光子刃],JY10003_4,,,3,1,999,,,2,-1,8,SX20102,,,,,,,-1,-1,-1,500,7,2,0,-1,0
332203,SX20103,二级神族机甲碎片,材料碎片（绿色品质），用于合成神族单兵升级材料[二级神族机甲],JY10004_4,,,3,1,999,,,2,-1,8,SX20103,,,,,,,-1,-1,-1,500,7,2,0,-1,0
332204,SX20104,二级灵子炮体碎片,材料碎片（绿色品质），用于合成神族单兵升级材料[二级灵子炮体],JY10005_4,,,3,1,999,,,2,-1,8,SX20104,,,,,,,-1,-1,-1,500,7,2,0,-1,0
332301,SX30101,三级能量盾碎片,材料碎片（蓝色品质），用于合成神族单兵升级材料[三级能量盾],JY20002_4,,,3,1,999,,,3,-1,8,SX30101,,,,,,,-1,-1,-1,5000,7,2,0,-1,0
332302,SX30102,三级光子刃碎片,材料碎片（蓝色品质），用于合成神族单兵升级材料[三级光子刃],JY20003_4,,,3,1,999,,,3,-1,8,SX30102,,,,,,,-1,-1,-1,5000,7,2,0,-1,0
332303,SX30103,三级神族机甲碎片,材料碎片（蓝色品质），用于合成神族单兵升级材料[三级神族机甲],JY20004_4,,,3,1,999,,,3,-1,8,SX30103,,,,,,,-1,-1,-1,5000,7,2,0,-1,0
332304,SX30104,三级灵子炮体碎片,材料碎片（蓝色品质），用于合成神族单兵升级材料[三级灵子炮体],JY20005_4,,,3,1,999,,,3,-1,8,SX30104,,,,,,,-1,-1,-1,5000,7,2,0,-1,0
332401,SX40101,四级能量盾碎片,材料碎片（紫色品质），用于合成神族单兵升级材料[四级能量盾],JY30002_4,,,3,1,999,,,4,-1,8,SX40101,,,,,,,-1,-1,-1,10000,7,2,0,-1,0
332402,SX40102,四级光子刃碎片,材料碎片（紫色品质），用于合成神族单兵升级材料[四级光子刃],JY30003_4,,,3,1,999,,,4,-1,8,SX40102,,,,,,,-1,-1,-1,10000,7,2,0,-1,0
332403,SX40103,四级神族机甲碎片,材料碎片（紫色品质），用于合成神族单兵升级材料[四级神族机甲],JY30004_4,,,3,1,999,,,4,-1,8,SX40103,,,,,,,-1,-1,-1,10000,7,2,0,-1,0
332404,SX40104,四级灵子炮体碎片,材料碎片（紫色品质），用于合成神族单兵升级材料[四级灵子炮体],JY30005_4,,,3,1,999,,,4,-1,8,SX40104,,,,,,,-1,-1,-1,10000,7,2,0,-1,0
332501,SX50101,五级能量盾碎片,材料碎片（橙色品质），用于合成神族单兵升级材料[五级能量盾],4,,,3,1,999,,,5,-1,8,SX50101,,,,,,,1,50,-1,-1,7,2,0,-1,0
332502,SX50102,五级光子刃碎片,材料碎片（橙色品质），用于合成神族单兵升级材料[五级光子刃],4,,,3,1,999,,,5,-1,8,SX50102,,,,,,,1,50,-1,-1,7,2,0,-1,0
332503,SX50103,五级神族机甲碎片,材料碎片（橙色品质），用于合成神族单兵升级材料[五级神族机甲],4,,,3,1,999,,,5,-1,8,SX50103,,,,,,,1,50,-1,-1,7,2,0,-1,0
332504,SX50104,五级灵子炮体碎片,材料碎片（橙色品质），用于合成神族单兵升级材料[五级灵子炮体],4,,,3,1,999,,,5,-1,8,SX50104,,,,,,,1,50,-1,-1,7,2,0,-1,0
313201,ZF20101,恒辐射质碎片,材料碎片（绿色品质），用于合成单兵强化材料[恒辐射质],,,,3,1,999,,,2,-1,8,ZF20101,,,,,,,-1,-1,-1,500,7,2,0,-1,0
313202,ZF20102,星空冰石碎片,材料碎片（绿色品质），用于合成单兵强化材料[星空冰石],,,,3,1,999,,,2,-1,8,ZF20102,,,,,,,-1,-1,-1,500,7,2,0,-1,0
313203,ZF20103,蓝晶裂片碎片,材料碎片（绿色品质），用于合成单兵强化材料[蓝晶裂片],,,,3,1,999,,,2,-1,8,ZF20103,,,,,,,-1,-1,-1,500,7,2,0,-1,0
313204,ZF20104,毒遗留体碎片,材料碎片（绿色品质），用于合成单兵强化材料[毒遗留体],,,,3,1,999,,,2,-1,8,ZF20104,,,,,,,-1,-1,-1,500,7,2,0,-1,0
313301,ZF30101,星域晶矿碎片,材料碎片（蓝色品质），用于合成单兵强化材料[星域晶矿],,,,3,1,999,,,3,-1,8,ZF30101,,,,,,,-1,-1,-1,5000,7,2,0,-1,0
313302,ZF30102,寒冰矿石碎片,材料碎片（蓝色品质），用于合成单兵强化材料[寒冰矿石],,,,3,1,999,,,3,-1,8,ZF30102,,,,,,,-1,-1,-1,5000,7,2,0,-1,0
313303,ZF30103,阿贝尔异矿碎片,材料碎片（蓝色品质），用于合成单兵强化材料[阿贝尔异矿],,,,3,1,999,,,3,-1,8,ZF30103,,,,,,,-1,-1,-1,5000,7,2,0,-1,0
313304,ZF30104,灵源矿石碎片,材料碎片（蓝色品质），用于合成单兵强化材料[灵源矿石],,,,3,1,999,,,3,-1,8,ZF30104,,,,,,,-1,-1,-1,5000,7,2,0,-1,0
313401,ZF40101,生命雾气碎片,材料碎片（紫色品质），用于合成单兵强化材料[生命雾气],,,,3,1,999,,,4,-1,8,ZF40101,,,,,,,-1,-1,-1,10000,7,2,0,-1,0
313402,ZF40102,寒冰雾气碎片,材料碎片（紫色品质），用于合成单兵强化材料[寒冰雾气],,,,3,1,999,,,4,-1,8,ZF40102,,,,,,,-1,-1,-1,10000,7,2,0,-1,0
313403,ZF40103,聚能曜石碎片,材料碎片（紫色品质），用于合成单兵强化材料[聚能曜石],,,,3,1,999,,,4,-1,8,ZF40103,,,,,,,-1,-1,-1,10000,7,2,0,-1,0
313404,ZF40104,矿脉熔炎碎片,材料碎片（紫色品质），用于合成单兵强化材料[矿脉熔炎],,,,3,1,999,,,4,-1,8,ZF40104,,,,,,,-1,-1,-1,10000,7,2,0,-1,0
313501,ZF50101,牵引磁力碎片,材料碎片（橙色品质），用于合成单兵强化材料[五牵引磁力],,,,3,1,999,,,5,-1,8,ZF50101,,,,,,,1,50,-1,-1,7,2,0,-1,0
313502,ZF50102,机控镭射磁碎片,材料碎片（橙色品质），用于合成单兵强化材料[机控镭射磁],,,,3,1,999,,,5,-1,8,ZF50102,,,,,,,1,50,-1,-1,7,2,0,-1,0
313503,ZF50103,本源射线碎片,材料碎片（橙色品质），用于合成单兵强化材料[本源射线],,,,3,1,999,,,5,-1,8,ZF50103,,,,,,,1,50,-1,-1,7,2,0,-1,0
313504,ZF50104,暗物质源碎片,材料碎片（橙色品质），用于合成单兵强化材料[暗物质源],,,,3,1,999,,,5,-1,8,ZF50104,,,,,,,1,50,-1,-1,7,2,0,-1,0
411001,RJ10101,基因段-猎犬牛仔,召唤和进阶人族英雄[猎犬牛仔]的必备材料，也可用于合成[克隆体]与[灵魂石],2+7+13,,,4,1,999,,,3,-1,8,RJ10101,,,,,,,1,45,-1,10000,4,2,0,-1,0
411002,RJ10201,基因段-钢铁玫瑰,召唤和进阶人族英雄[钢铁玫瑰]的必备材料，也可用于合成[克隆体]与[灵魂石],2+7+13,,,4,1,999,,,3,-1,8,RJ10201,,,,,,,1,45,-1,10000,4,2,0,-1,0
411003,RJ10301,基因段-不灭城墙,召唤和进阶人族英雄[不灭城墙]的必备材料，也可用于合成[克隆体]与[灵魂石],2+7+13,,,4,1,999,,,3,-1,8,RJ10301,,,,,,,1,45,-1,10000,4,2,0,-1,0
411004,RJ10401,基因段-狡诈射手,召唤和进阶人族英雄[狡诈射手]的必备材料，也可用于合成[克隆体]与[灵魂石],2+7+13,,,4,1,999,,,4,-1,8,RJ10401,,,,,,,1,60,-1,15000,4,2,0,-1,0
411005,RJ10501,基因段-医疗天使,召唤和进阶人族英雄[医疗天使]的必备材料，也可用于合成[克隆体]与[灵魂石],2+7+13,,,4,1,999,,,4,-1,8,RJ10501,,,,,,,1,60,-1,15000,4,2,0,-1,0
411006,RJ10601,基因段-人类大炮,召唤和进阶人族英雄[人类大炮]的必备材料，也可用于合成[克隆体]与[灵魂石],2+7+13,,,4,1,999,,,3,-1,8,RJ10601,,,,,,,1,45,-1,10000,4,2,0,-1,0
411007,RJ10701,基因段-战地牧师,召唤和进阶人族英雄[战地牧师]的必备材料，也可用于合成[克隆体]与[灵魂石],2+7+13,,,4,1,999,,,3,-1,8,RJ10701,,,,,,,1,45,-1,10000,4,2,0,-1,0
411008,RJ10801,基因段-凤凰战机,召唤和进阶人族英雄[凤凰战机]的必备材料，也可用于合成[克隆体]与[灵魂石],2+7+13,,,4,1,999,,,4,-1,8,RJ10801,,,,,,,1,60,-1,15000,4,2,0,-1,0
411009,RJ10901,基因段-精准打击,召唤和进阶人族英雄[精准打击]的必备材料，也可用于合成[克隆体]与[灵魂石],2+7+13,,,4,1,999,,,4,-1,8,RJ10901,,,,,,,1,60,-1,15000,4,2,0,-1,0
411010,RJ11001,基因段-放浪公主,召唤和进阶人族英雄[放浪公主]的必备材料，也可用于合成[克隆体]与[灵魂石],2+7+13,,,4,1,999,,,4,-1,8,RJ11001,,,,,,,1,60,-1,15000,4,2,0,-1,0
411011,RJ11101,基因段-信仰之力,召唤和进阶人族英雄[信仰之力]的必备材料，也可用于合成[克隆体]与[灵魂石],2+7+13,,,4,1,999,,,5,-1,8,RJ11101,,,,,,,1,70,-1,20000,4,2,0,-1,0
421001,ZJ10101,基因段-伦恩,召唤和进阶虫族英雄[伦恩]的必备材料，也可用于合成[克隆体]与[灵魂石],2+7+13,,,4,1,999,,,3,-1,8,ZJ10101,,,,,,,1,45,-1,10000,4,2,0,-1,0
421002,ZJ10201,基因段-哈斯科,召唤和进阶虫族英雄[哈斯科]的必备材料，也可用于合成[克隆体]与[灵魂石],2+7+13,,,4,1,999,,,3,-1,8,ZJ10201,,,,,,,1,45,-1,10000,4,2,0,-1,0
421003,ZJ10301,基因段-雷哲,召唤和进阶虫族英雄[雷哲]的必备材料，也可用于合成[克隆体]与[灵魂石],2+7+13,,,4,1,999,,,3,-1,8,ZJ10301,,,,,,,1,45,-1,10000,4,2,0,-1,0
421004,ZJ10401,基因段-欧兹塔,召唤和进阶虫族英雄[欧兹塔]的必备材料，也可用于合成[克隆体]与[灵魂石],2+7+13,,,4,1,999,,,4,-1,8,ZJ10401,,,,,,,1,60,-1,15000,4,2,0,-1,0
421005,ZJ10501,基因段-库汀,召唤和进阶虫族英雄[库汀]的必备材料，也可用于合成[克隆体]与[灵魂石],2+7+13,,,4,1,999,,,4,-1,8,ZJ10501,,,,,,,1,60,-1,15000,4,2,0,-1,0
421006,ZJ10601,基因段-塔兹,召唤和进阶虫族英雄[塔兹]的必备材料，也可用于合成[克隆体]与[灵魂石],2+7+13,,,4,1,999,,,4,-1,8,ZJ10601,,,,,,,1,60,-1,15000,4,2,0,-1,0
421007,ZJ10701,基因段-昆西,召唤和进阶虫族英雄[昆西]的必备材料，也可用于合成[克隆体]与[灵魂石],2+7+13,,,4,1,999,,,4,-1,8,ZJ10701,,,,,,,1,60,-1,15000,4,2,0,-1,0
421008,ZJ10801,基因段-欧温,召唤和进阶虫族英雄[欧温]的必备材料，也可用于合成[克隆体]与[灵魂石],2+7+13,,,4,1,999,,,4,-1,8,ZJ10801,,,,,,,1,60,-1,15000,4,2,0,-1,0
421009,ZJ10901,基因段-奈哲尔,召唤和进阶虫族英雄[奈哲尔]的必备材料，也可用于合成[克隆体]与[灵魂石],2+7+13,,,4,1,999,,,4,-1,8,ZJ10901,,,,,,,1,60,-1,15000,4,2,0,-1,0
421010,ZJ11001,基因段-巴伯隆,召唤和进阶虫族英雄[巴伯隆]的必备材料，也可用于合成[克隆体]与[灵魂石],2+7+13,,,4,1,999,,,5,-1,8,ZJ11001,,,,,,,1,70,-1,20000,4,2,0,-1,0
431001,SJ10101,基因段-姆特,召唤和进阶神族英雄[姆特]的必备材料，也可用于合成[克隆体]与[灵魂石],2+7+13,,,4,1,999,,,3,-1,8,SJ10101,,,,,,,1,45,-1,10000,4,2,0,-1,0
431002,SJ10201,基因段-赛特,召唤和进阶神族英雄[赛特]的必备材料，也可用于合成[克隆体]与[灵魂石],2+7+13,,,4,1,999,,,3,-1,8,SJ10201,,,,,,,1,45,-1,10000,4,2,0,-1,0
431003,SJ10301,基因段-提尔,召唤和进阶神族英雄[提尔]的必备材料，也可用于合成[克隆体]与[灵魂石],2+7+13,,,4,1,999,,,3,-1,8,SJ10301,,,,,,,1,45,-1,10000,4,2,0,-1,0
431004,SJ10401,基因段-阿努比斯,召唤和进阶神族英雄[阿努比斯]的必备材料，也可用于合成[克隆体]与[灵魂石],2+7+13,,,4,1,999,,,4,-1,8,SJ10401,,,,,,,1,60,-1,15000,4,2,0,-1,0
431005,SJ10501,基因段-荷鲁斯,召唤和进阶神族英雄[荷鲁斯]的必备材料，也可用于合成[克隆体]与[灵魂石],2+7+13,,,4,1,999,,,4,-1,8,SJ10501,,,,,,,1,60,-1,15000,4,2,0,-1,0
431006,SJ10601,基因段-赫拉斯,召唤和进阶神族英雄[赫拉斯]的必备材料，也可用于合成[克隆体]与[灵魂石],2+7+13,,,4,1,999,,,4,-1,8,SJ10601,,,,,,,1,60,-1,15000,4,2,0,-1,0
431007,SJ10701,基因段-诺伦,召唤和进阶神族英雄[诺伦]的必备材料，也可用于合成[克隆体]与[灵魂石],2+7+13,,,4,1,999,,,3,-1,8,SJ10701,,,,,,,1,45,-1,10000,4,2,0,-1,0
431008,SJ10801,基因段-阿克索,召唤和进阶神族英雄[阿克索]的必备材料，也可用于合成[克隆体]与[灵魂石],2+7+13,,,4,1,999,,,4,-1,8,SJ10801,,,,,,,1,60,-1,15000,4,2,0,-1,0
431009,SJ10901,基因段-克罗诺斯,召唤和进阶神族英雄[克罗诺斯]的必备材料，也可用于合成[克隆体]与[灵魂石],2+7+13,,,4,1,999,,,4,-1,8,SJ10901,,,,,,,1,60,-1,15000,4,2,0,-1,0
431010,SJ11001,基因段-安穆凯,召唤和进阶神族英雄[安穆凯]的必备材料，也可用于合成[克隆体]与[灵魂石],2+7+13,,,4,1,999,,,5,-1,8,SJ11001,,,,,,,1,70,-1,20000,4,2,0,-1,0
451001,YJ10101,基因段-先知之眼,召唤和进阶佣兵英雄[先知之眼]的必备材料，也可用于合成[克隆体]与[灵魂石],2+7+13,,,4,1,999,,,5,-1,8,YJ10101,,,,,,,1,80,-1,25000,4,2,0,-1,0
451002,YJ10201,基因段-暗之奈斯,召唤和进阶佣兵英雄[暗之奈斯]的必备材料，也可用于合成[克隆体]与[灵魂石],2+7+13,,,4,1,999,,,5,-1,8,YJ30101,,,,,,,1,80,-1,25000,4,2,0,-1,0
451003,YJ10301,基因段-光之奈斯,召唤和进阶佣兵英雄[光之奈斯]的必备材料，也可用于合成[克隆体]与[灵魂石],2+7+13,,,4,1,999,,,5,-1,8,YJ30201,,,,,,,1,80,-1,25000,4,2,0,-1,0
451004,YJ10401,基因段-火异兽,召唤和进阶佣兵英雄[火异兽]的必备材料，也可用于合成[克隆体]与[灵魂石],2+7+13,,,4,1,999,,,5,-1,8,YJ40101,,,,,,,1,80,-1,25000,4,2,0,-1,0
451005,YJ10501,基因段-电猫,召唤和进阶佣兵英雄[电猫]的必备材料，也可用于合成[克隆体]与[灵魂石],2+7+13,,,4,1,999,,,5,-1,8,YJ50101,,,,,,,1,80,-1,25000,4,2,0,-1,0
451006,YJ10601,基因段-奈芙蒂斯,召唤和进阶佣兵英雄[奈芙蒂斯]的必备材料，也可用于合成[克隆体]与[灵魂石],2+7+13,,,4,1,999,,,5,-1,8,YJ60101,,,,,,,1,80,-1,25000,4,2,0,-1,0
451007,YJ10701,基因段-阿顿,召唤和进阶佣兵英雄[奈芙蒂斯]的必备材料，也可用于合成[克隆体]与[灵魂石],2+7+13,,,4,1,999,,,5,-1,8,YJ70101,,,,,,,1,80,-1,25000,4,2,0,-1,0
451008,YJ10801,基因段-水异兽,召唤和进阶佣兵英雄[水异兽]的必备材料，也可用于合成[克隆体]与[灵魂石],2+7+13,,,4,1,999,,,5,-1,8,YJ80101,,,,,,,1,80,-1,25000,4,2,0,-1,0
511001,RH10101,猎犬牛仔,远程对地、对空战斗型英雄，具有猎犬嗅觉的机枪兵，极会把握战场危险时势，超强的远攻技能，能对敌人造成恐怖的打击,0,,,5,1,1,,,4,-1,-1,RH10001,,,,,,,1,700,-1,-1,-1,3,0,-1,0
511002,RH10201,钢铁玫瑰,远程对地、对空辅助型英雄，是群体伤害专家，能提高所有队友的攻击能力。同时，由于拥有不错的防御，因此，她的生存能力也非常出色,0,,,5,1,1,,,4,-1,-1,RH10002,,,,,,,1,700,-1,-1,-1,3,0,-1,0
511003,RH10301,不灭城墙,远程对地、对空坦克型英雄，尽管不灭城墙给人以慢速、重装甲的印象，但他却攻守兼备，既有不错的输出，也可以帮助队友减免伤害,0,,,5,1,1,,,4,-1,-1,RH10003,,,,,,,1,700,-1,-1,-1,3,0,-1,0
511004,RH10401,狡诈射手,远程对地、对空战斗型英雄，拥有远程攻击能力。它可以凭借范围性能量冲击，扭转战场局势。狡诈射手被普遍认为是对战能力很强的英雄之一，它在有大量敌人围攻下依然表现出色,0,,,5,1,1,,,4,-1,-1,RH10004,,,,,,,1,1850,-1,-1,-1,3,0,-1,0
511005,RH10501,医疗天使,中程对地、对空辅助型英雄，在所有的人族英雄中，医疗天使是人族最勇敢的的治疗者。如果不是医疗天使和她完美的疗伤辅助技术，人族基地早已被叛军所占领,0,,,5,1,1,,,4,-1,-1,RH10005,,,,,,,1,1850,-1,-1,-1,3,0,-1,0
511006,RH10601,人类大炮,远程对地专家型英雄，是把电磁在战场上运用最好的专家。借助电磁爆发的错乱能量，他可以持续让敌人眩晕，实现瞬间的战场局势变化,0,,,5,1,1,,,4,-1,-1,RH10006,,,,,,,1,1850,-1,-1,-1,3,0,-1,0
511007,RH10701,战地牧师,近战对地坦克型英雄，如名字“牧师”所示，自身拥有强大的防御能力和不错的力量。战地牧师牺牲速度换取防御压制，他能冲锋在前线，吸引敌人火力，用蛮力支配战场,0,,,5,1,1,,,4,-1,-1,RH10007,,,,,,,1,700,-1,-1,-1,3,0,-1,0
511008,RH10801,凤凰战机,中程对地、对空战斗型英雄，以聚能光束为主要输出手段，同时也可以辅助空中友军，提高伤害，帮助军队在短时间获得机动性与输出能力的提升,0,,,5,1,1,,,4,-1,-1,RH10008,,,,,,,1,700,-1,-1,-1,3,0,-1,0
511009,RH10901,精准打击,远程对地专家型英雄，坦克中的强者，即使在严酷的地表环境下，行走也如履平地，变形后会得到额外的射程、溅射伤害，能对远方的敌人造成大量伤害,0,,,5,1,1,,,4,-1,-1,RH10009,,,,,,,1,1850,-1,-1,-1,3,0,-1,0
511010,RH11001,放浪公主,远程对地辅助型英雄，她擅长操控诱惑能量进行攻击，并使用诱惑的附加效果来改变战局。她的技能适合用于大范围的场面压制能够帮助军队减轻战斗压力,0,,,5,1,1,,,4,-1,-1,RH10010,,,,,,,1,1850,-1,-1,-1,3,0,-1,0
511011,RH11101,信仰之力,远程对地、对空坦克型英雄，空中游行的战士，由于具有较高的生命值和强大的防御，再加上不低的攻击伤害，使它成为战场上既攻能守的最佳战力,0,,,5,1,1,,,4,-1,-1,RH10011,,,,,,,1,4000,-1,-1,-1,3,0,-1,0
521001,ZH10101,伦恩,近战对地战斗型英雄，伦恩并不是通常意义上的虫族战士，拥有虫族变异基因的它，不仅速度快，爪上的毒液还带有致晕效果，因此诺伦大多协助他的友军英雄和杂兵来作战,0,,,5,1,1,,,4,-1,-1,ZH10001,,,,,,,1,700,-1,-1,-1,3,0,-1,0
521002,ZH10201,哈斯科,远程对地、对空战斗型英雄，刺蛇中的勇士，不仅具有强大的进攻性与移速，还可以利用施放技能的效果形成恐怖的急速攻击,0,,,5,1,1,,,4,-1,-1,ZH10002,,,,,,,1,700,-1,-1,-1,3,0,-1,0
521003,ZH10301,雷哲,近战对地专家型英雄，自身防御不高，擅长掌控局面。他造成直接伤害的能力较弱，但拥有强大孵化能力，能孵化大量的狗兵为其战斗,0,,,5,1,1,,,4,-1,-1,ZH10003,,,,,,,1,700,-1,-1,-1,3,0,-1,0
521004,ZH10401,欧兹塔,远程对地战斗型英雄，控制能力很强，可以在敌人身上埋伏生化炸弹，让敌人死亡后的尸体变成杀戮的武器，同时较远的攻击能力能持续消减敌人的大幅度生命值,0,,,5,1,1,,,4,-1,-1,ZH10004,,,,,,,1,1850,-1,-1,-1,3,0,-1,0
521005,ZH10501,库汀,近战对地战斗型英雄，库汀的吸血能力把敌人致于死亡深渊的同时，也会快速恢复生命，再加上强悍的近战能力，使他成为战场上高生存能力的代表,0,,,5,1,1,,,4,-1,-1,ZH10005,,,,,,,1,1850,-1,-1,-1,3,0,-1,0
521006,ZH10601,塔兹,中程对地、对空战斗型英雄，是飞龙中的骑士，他既有迅速的进攻能力，又有强化队友攻击伤害的能力，是一名恐怖的虫族战士。塔兹还可以发挥其他独特的用处，取决于你如何使用,0,,,5,1,1,,,4,-1,-1,ZH10006,,,,,,,1,1850,-1,-1,-1,3,0,-1,0
521007,ZH10701,昆西,远程对空战斗型英雄，擅长掌控局面，昆西能施加临时的速度减缓领域，同时释放毒雾，轻巧地为自己的队友改变战场情势，再加上移速快，因此昆西成为空中让人难以捉摸的杀手,0,,,5,1,1,,,4,-1,-1,ZH10007,,,,,,,1,1850,-1,-1,-1,3,0,-1,0
521008,ZH10801,欧温,远程对地战斗型英雄，欧温能利用腐蚀弹球骚扰敌人，同时也能对敌方建筑施加持续伤害，在攻城略地中担任先锋利器,0,,,5,1,1,,,4,-1,-1,ZH10008,,,,,,,1,1850,-1,-1,-1,3,0,-1,0
521009,ZH10901,奈哲尔,中程对地、对空辅助型英雄，奈哲尔是个灵活的英雄，可以游走之间鼓舞友军，同时也能在劣势下快速回复友军生命,0,,,5,1,1,,,4,-1,-1,ZH10009,,,,,,,1,1850,-1,-1,-1,3,0,-1,0
521010,ZH11001,巴伯隆,近战对地坦克型英雄，邪恶虫族蛮士巴伯隆，拥有强大的蛮力与体型，在战场上是吸引火力保护队友最佳肉盾,0,,,5,1,1,,,4,-1,-1,ZH10010,,,,,,,1,4000,-1,-1,-1,3,0,-1,0
531001,SH10101,姆特,近战对地战斗型英雄，是移动速度突出的强力输出者。优秀的速度和近战攻击能力，使他可以敏捷的躲过敌人的火力封锁，并进行猛烈打击，提前抢占最有利的据点,0,,,5,1,1,,,4,-1,-1,SH10001,,,,,,,1,700,-1,-1,-1,3,0,-1,0
531002,SH10201,赛特,近战对地战斗型英雄，和专擅某一领域的英雄不同，赛特兼有进攻、防守能力和辅助技能，能在独自生存下击退或愚弄敌人外还可以大大提高友军的伤害,0,,,5,1,1,,,4,-1,-1,SH10002,,,,,,,1,700,-1,-1,-1,3,0,-1,0
531003,SH10301,提尔,远程对地、对空战斗型英雄，它是龙骑中的佼佼者，对天空与大地都有强烈的控制欲望，因此自身形成的远程战力打击也让它具有这样的威势,0,,,5,1,1,,,4,-1,-1,SH10003,,,,,,,1,700,-1,-1,-1,3,0,-1,0
531004,SH10401,阿努比斯,近战对地战斗型英雄，神族中隐藏的刺客，拥有速度快、机动性强、生存能力强的特点。他兼具瞬间移动能力和致命的攻击武器，凭着闪烁能力快速出入战场，就如传说中神出鬼没的忍者,0,,,5,1,1,,,4,-1,-1,SH10004,,,,,,,1,1850,-1,-1,-1,3,0,-1,0
531005,SH10501,荷鲁斯,远程对地战斗型英雄，作为神族不巧者中的一员，荷鲁斯在其久远的时间内令自己十分强大，拥有攻击强、移速快，是近战与远程的双刃杀手,0,,,5,1,1,,,4,-1,-1,SH10005,,,,,,,1,1850,-1,-1,-1,3,0,-1,0
531006,SH10601,赫拉斯,远程对空辅助型英雄，他是一个多面的强力进攻型辅助，拥有远距离快速接近、辅助输出的能力。他能操纵光明中的阴暗能量消减敌人的攻击速度，也可以像远古的海盗船一样对敌人发起猛烈的攻击,0,,,5,1,1,,,4,-1,-1,SH10006,,,,,,,1,1850,-1,-1,-1,3,0,-1,0
531007,SH10701,诺伦,远程对地、对空战斗型英雄，诺伦的能力类似于冰系魔法师，利用这种能力可以冰冻敌人来愚弄敌手，同时提高自己的机动性，从远处狙击敌人,0,,,5,1,1,,,4,-1,-1,SH10007,,,,,,,1,700,-1,-1,-1,3,0,-1,0
531008,SH10801,阿克索,中程对地、对空辅助型英雄，具有比较出色的辅助能力，更适合留在后方，远离前线。她可以帮助队友大量回复生命和能量，甚至为军队施加巨幅的气盾恢复效果,0,,,5,1,1,,,4,-1,-1,SH10008,,,,,,,1,1850,-1,-1,-1,3,0,-1,0
531009,SH10901,克罗诺斯,近战对地、对空专家型英雄，在时间领域拥有“大师”级称号，擅长运用自身能力降低队友的能量恢复时间，同时雷电原力的近战打击，对敌人的伤害也是十分可怕,0,,,5,1,1,,,4,-1,-1,SH10009,,,,,,,1,1850,-1,-1,-1,3,0,-1,0
531010,SH11001,安穆凯,近战对地、对空战斗型英雄，安穆凯擅长掌控局面，其防护力也是目前所有神族中最持久的，当生命受巨大伤害时，可消耗部分血量增大防护能力，因此安穆凯的生存力很强，很难被杀死,0,,,5,1,1,,,4,-1,-1,SH10010,,,,,,,1,4000,-1,-1,-1,3,0,-1,0
551001,YB10101,先知之眼,远程对地、对空辅助型英雄，先知之眼能为友军侦测敌军位置，探知周围环境，还能回复自己的队友生命,0,,,5,1,1,,,4,-1,-1,YB10001,,,,,,,1,4800,-1,-1,-1,3,0,-1,0
551002,YB10201,暗之奈斯,中程对地、对空战斗型英雄，脾气暴躁，喜欢对目标区域发起狂暴的打击，以冲散敌方阵型，并且防御强，适合充当前排,0,,,5,1,1,,,4,-1,-1,YB10002,,,,,,,1,4800,-1,-1,-1,3,0,-1,0
551003,YB10301,光之奈斯,中程对地、对空战斗型英雄，与同胞兄弟不同，光之奈斯喜欢利用分身进行掩护游斗，消耗敌方并在适当时机给于致命一击,0,,,5,1,1,,,4,-1,-1,YB10003,,,,,,,1,4800,-1,-1,-1,3,0,-1,0
551004,YB10401,火异兽,远程对地战斗型英雄，虫族中的火魔，身生双首，能喷吐火焰灼烧区域内的敌军，是团战的利器,0,,,5,1,1,,,4,-1,-1,YB10004,,,,,,,1,4800,-1,-1,-1,3,0,-1,0
551005,YB10501,电猫,远程对地、对空战斗型英雄，实验狂人，它发明的激电塔既能卡防又能远程攻击敌方，适合放在中后排充当输出,0,,,5,1,1,,,4,-1,-1,YB10005,,,,,,,1,4800,-1,-1,-1,3,0,-1,0
551006,YB10601,奈芙蒂斯,近战对地战斗型英雄，续航进攻强，对同一单位进行连续攻击时会有额外伤害加成，又兼能灵活控制死神之力，因此可作为刺穿敌方阵营的一把尖刀,0,,,5,1,1,,,4,-1,-1,YB10006,,,,,,,1,4800,-1,-1,-1,3,0,-1,0
551007,YB10701,阿顿,远程对地对空专家型英雄，神族光芒使者，移动速度快，因受缚于光球无法进行正常攻击，只想自爆来毁灭一切,0,,,5,1,1,,,4,-1,-1,YB10007,,,,,,,1,4800,-1,-1,-1,3,0,-1,0
551008,YB10801,水异兽,远程对地战斗型英雄，虫族中的水魔，身生双首，能喷吐水柱减速区域内的敌军，是团战的利器,0,,,5,1,1,,,4,-1,-1,YB10008,,,,,,,1,4800,-1,-1,-1,3,0,-1,0
520001,HS10001,英雄进阶礼包（人族）副,,0,,,9,-1,0,,,-1,-1,-1,-1,,,,,,,-1,-1,520001,-1,-1,2,0,1,0
520002,HS10002,英雄进阶礼包（虫族）副,,0,,,9,-1,0,,,-1,-1,-1,-1,,,,,,,-1,-1,520002,-1,-1,2,0,1,0
520003,HS10003,英雄进阶礼包（神族）副,,0,,,9,-1,0,,,-1,-1,-1,-1,,,,,,,-1,-1,520003,-1,-1,2,0,1,0
520004,HS10004,单兵升级礼包（人族）副,,0,,,9,-1,0,,,-1,-1,-1,-1,,,,,,,-1,-1,520004,-1,-1,2,0,1,0
520005,HS10005,单兵升级礼包（虫族）副,,0,,,9,-1,0,,,-1,-1,-1,-1,,,,,,,-1,-1,520005,-1,-1,2,0,1,0
520006,HS10006,单兵升级礼包（神族）副,,0,,,9,-1,0,,,-1,-1,-1,-1,,,,,,,-1,-1,520006,-1,-1,2,0,1,0
520101,ZY10307,白色单兵装备,,0,,,9,-1,0,,,-1,-1,-1,-1,,,,,,,-1,-1,520101,-1,-1,2,0,1,0
520102,ZY10308,绿色单兵装备,,0,,,9,-1,0,,,-1,-1,-1,-1,,,,,,,-1,-1,520102,-1,-1,2,0,1,0
520103,ZY10309,蓝色单兵装备,,0,,,9,-1,0,,,-1,-1,-1,-1,,,,,,,-1,-1,520103,-1,-1,2,0,1,0
520104,ZY10310,紫色单兵装备,,0,,,9,-1,0,,,-1,-1,-1,-1,,,,,,,-1,-1,520104,-1,-1,2,0,1,0
520200,ZY10322,随机基因段,,0,,,9,-1,0,,,-1,-1,-1,-1,,,,,,,-1,-1,520200,-1,-1,2,0,1,0
520201,ZY10323,随机科技1基因段,,0,,,9,-1,0,,,-1,-1,-1,-1,,,,,,,-1,-1,520201,-1,-1,2,0,1,0
520202,ZY10324,随机科技2基因段,,0,,,9,-1,0,,,-1,-1,-1,-1,,,,,,,-1,-1,520202,-1,-1,2,0,1,0
520203,ZY10325,随机科技3基因段,,0,,,9,-1,0,,,-1,-1,-1,-1,,,,,,,-1,-1,520203,-1,-1,2,0,1,0
520211,ZY10326,随机人族基因段,,0,,,9,-1,0,,,-1,-1,-1,-1,,,,,,,-1,-1,520211,-1,-1,2,0,1,0
520212,ZY10327,随机虫族基因段,,0,,,9,-1,0,,,-1,-1,-1,-1,,,,,,,-1,-1,520212,-1,-1,2,0,1,0
520213,ZY10328,随机神族基因段,,0,,,9,-1,0,,,-1,-1,-1,-1,,,,,,,-1,-1,520213,-1,-1,2,0,1,0
520214,ZY10329,随机佣兵基因段,,0,,,9,-1,0,,,-1,-1,-1,-1,,,,,,,-1,-1,520214,-1,-1,2,0,1,0
610001,TC20001,低级经验药剂,使用后为英雄增加40点经验,0,,,6,40,999,,,1,1,1,TC20001,,,,,,,2,2000,600001,500,6,2,0,0,0
610002,TC30001,中级经验药剂,使用后为英雄增加200点经验,0,,,6,200,999,,,1,1,1,TC30001,,,,,,,2,8000,600002,2000,6,2,0,0,0
610003,TC40002,高级经验药剂,使用后为英雄增加1000点经验,0,,,6,1000,999,,,1,1,1,TC40002,,,,,,,2,30000,600003,8000,6,2,0,0,0
630001,TC40001,扫荡,快速通关的必备物品！,2+4,,,8,1,999,,,1,8,8,TC40001,,,,,,,1,5,-1,200,6,2,0,-1,0
640111,ZY10401,人族白色单兵装备,,0,,,9,-1,0,,,-1,-1,-1,-1,,,,,,,-1,-1,640111,-1,-1,2,0,1,0
640112,ZY10402,人族绿色单兵装备,,0,,,9,-1,0,,,-1,-1,-1,-1,,,,,,,-1,-1,640112,-1,-1,2,0,1,0
640113,ZY10403,人族蓝色单兵装备,,0,,,9,-1,0,,,-1,-1,-1,-1,,,,,,,-1,-1,640113,-1,-1,2,0,1,0
640114,ZY10404,人族紫色单兵装备,,0,,,9,-1,0,,,-1,-1,-1,-1,,,,,,,-1,-1,640114,-1,-1,2,0,1,0
640115,ZY10405,人族单兵橙装碎片,,0,,,9,-1,0,,,-1,-1,-1,-1,,,,,,,-1,-1,640115,-1,-1,2,0,1,0
640121,ZY10406,虫族白色单兵装备,,0,,,9,-1,0,,,-1,-1,-1,-1,,,,,,,-1,-1,640121,-1,-1,2,0,1,0
640122,ZY10407,虫族绿色单兵装备,,0,,,9,-1,0,,,-1,-1,-1,-1,,,,,,,-1,-1,640122,-1,-1,2,0,1,0
640123,ZY10408,虫族蓝色单兵装备,,0,,,9,-1,0,,,-1,-1,-1,-1,,,,,,,-1,-1,640123,-1,-1,2,0,1,0
640124,ZY10409,虫族紫色单兵装备,,0,,,9,-1,0,,,-1,-1,-1,-1,,,,,,,-1,-1,640124,-1,-1,2,0,1,0
640125,ZY10410,虫族单兵橙装碎片,,0,,,9,-1,0,,,-1,-1,-1,-1,,,,,,,-1,-1,640125,-1,-1,2,0,1,0
640131,ZY10411,神族白色单兵装备,,0,,,9,-1,0,,,-1,-1,-1,-1,,,,,,,-1,-1,640131,-1,-1,2,0,1,0
640132,ZY10412,神族绿色单兵装备,,0,,,9,-1,0,,,-1,-1,-1,-1,,,,,,,-1,-1,640132,-1,-1,2,0,1,0
640133,ZY10413,神族蓝色单兵装备,,0,,,9,-1,0,,,-1,-1,-1,-1,,,,,,,-1,-1,640133,-1,-1,2,0,1,0
640134,ZY10414,神族紫色单兵装备,,0,,,9,-1,0,,,-1,-1,-1,-1,,,,,,,-1,-1,640134,-1,-1,2,0,1,0
640135,ZY10415,神族单兵橙装碎片,,0,,,9,-1,0,,,-1,-1,-1,-1,,,,,,,-1,-1,640135,-1,-1,2,0,1,0
640411,ZY10443,人族科技1英雄基因段,,0,,,9,-1,0,,,-1,-1,-1,-1,,,,,,,-1,-1,640411,-1,-1,2,0,1,0
640412,ZY10444,人族科技2英雄基因段,,0,,,9,-1,0,,,-1,-1,-1,-1,,,,,,,-1,-1,640412,-1,-1,2,0,1,0
640413,ZY10445,人族科技3英雄基因段副,,0,,,9,-1,0,,,-1,-1,-1,-1,,,,,,,-1,-1,640413,-1,-1,2,0,1,0
640421,ZY10446,虫族科技1英雄基因段,,0,,,9,-1,0,,,-1,-1,-1,-1,,,,,,,-1,-1,640421,-1,-1,2,0,1,0
640422,ZY10447,虫族科技2英雄基因段,,0,,,9,-1,0,,,-1,-1,-1,-1,,,,,,,-1,-1,640422,-1,-1,2,0,1,0
640423,ZY10448,虫族科技3英雄基因段副,,0,,,9,-1,0,,,-1,-1,-1,-1,,,,,,,-1,-1,640423,-1,-1,2,0,1,0
640431,ZY10449,神族科技1英雄基因段,,0,,,9,-1,0,,,-1,-1,-1,-1,,,,,,,-1,-1,640431,-1,-1,2,0,1,0
640432,ZY10450,神族科技2英雄基因段,,0,,,9,-1,0,,,-1,-1,-1,-1,,,,,,,-1,-1,640432,-1,-1,2,0,1,0
640433,ZY10451,神族科技3英雄基因段副,,0,,,9,-1,0,,,-1,-1,-1,-1,,,,,,,-1,-1,640433,-1,-1,2,0,1,0
640441,ZY10452,佣兵科技1英雄基因段,,0,,,9,-1,0,,,-1,-1,-1,-1,,,,,,,-1,-1,640441,-1,-1,2,0,1,0
660001,NL10001,青铜宝箱,,0,,,9,1,0,,,0,-1,-1,NL10001,,,,,,,-1,-1,660001,-1,-1,2,0,0,0
660002,NL10002,白银宝箱,,0,,,9,1,0,,,0,-1,-1,NL10002,,,,,,,-1,-1,660002,-1,-1,2,0,0,0
660003,NL10003,黄金宝箱,,0,,,9,1,0,,,0,-1,-1,NL10003,,,,,,,-1,-1,660003,-1,-1,2,0,0,0
660004,NL10004,钻石宝箱,,0,,,9,1,0,,,0,-1,-1,NL10004,,,,,,,-1,-1,660004,-1,-1,2,0,0,0
660005,NL10005,界域宝箱,,0,,,9,1,0,,,0,-1,-1,NL10005,,,,,,,-1,-1,660005,-1,-1,2,0,0,0
660006,NL10006,星王宝箱,,0,,,9,1,0,,,0,-1,-1,NL10006,,,,,,,-1,-1,660006,-1,-1,2,0,0,0
701101,ZY10601,守卫战奖励组 1,,0,,,9,-1,0,,,-1,-1,-1,-1,,,,,,,-1,-1,701101,-1,-1,2,0,1,0
702101,ZY10602,守卫战奖励组 2,,0,,,9,-1,0,,,-1,-1,-1,-1,,,,,,,-1,-1,702101,-1,-1,2,0,1,0
703101,ZY10603,守卫战奖励组 3,,0,,,9,-1,0,,,-1,-1,-1,-1,,,,,,,-1,-1,703101,-1,-1,2,0,1,0
702102,ZY10604,守卫战奖励组 4,,0,,,9,-1,0,,,-1,-1,-1,-1,,,,,,,-1,-1,702102,-1,-1,2,0,1,0
703102,ZY10605,守卫战奖励组 5,,0,,,9,-1,0,,,-1,-1,-1,-1,,,,,,,-1,-1,703102,-1,-1,2,0,1,0
704102,ZY10606,守卫战奖励组 6,,0,,,9,-1,0,,,-1,-1,-1,-1,,,,,,,-1,-1,704102,-1,-1,2,0,1,0
703103,ZY10607,守卫战奖励组 7,,0,,,9,-1,0,,,-1,-1,-1,-1,,,,,,,-1,-1,703103,-1,-1,2,0,1,0
704103,ZY10608,守卫战奖励组 8,,0,,,9,-1,0,,,-1,-1,-1,-1,,,,,,,-1,-1,704103,-1,-1,2,0,1,0
705103,ZY10609,守卫战奖励组 9,,0,,,9,-1,0,,,-1,-1,-1,-1,,,,,,,-1,-1,705103,-1,-1,2,0,1,0
704104,ZY10610,守卫战奖励组 10,,0,,,9,-1,0,,,-1,-1,-1,-1,,,,,,,-1,-1,704104,-1,-1,2,0,1,0
705104,ZY10611,守卫战奖励组 11,,0,,,9,-1,0,,,-1,-1,-1,-1,,,,,,,-1,-1,705104,-1,-1,2,0,1,0
704105,ZY10612,守卫战奖励组 12,,0,,,9,-1,0,,,-1,-1,-1,-1,,,,,,,-1,-1,704105,-1,-1,2,0,1,0
705105,ZY10613,守卫战奖励组 13,,0,,,9,-1,0,,,-1,-1,-1,-1,,,,,,,-1,-1,705105,-1,-1,2,0,1,0
701301,ZY10627,基因段科技1（难度1、2）,,0,,,9,-1,0,,,-1,-1,-1,-1,,,,,,,-1,-1,701301,-1,-1,2,0,1,0
701302,ZY10628,基因段科技1（难度3）,,0,,,9,-1,0,,,-1,-1,-1,-1,,,,,,,-1,-1,701302,-1,-1,2,0,1,0
701303,ZY10629,基因段科技1（难度4）,,0,,,9,-1,0,,,-1,-1,-1,-1,,,,,,,-1,-1,701303,-1,-1,2,0,1,0
702301,ZY10630,基因段科技2（难度3）,,0,,,9,-1,0,,,-1,-1,-1,-1,,,,,,,-1,-1,702301,-1,-1,2,0,1,0
702302,ZY10631,基因段科技2（难度4）,,0,,,9,-1,0,,,-1,-1,-1,-1,,,,,,,-1,-1,702302,-1,-1,2,0,1,0
702109,ZY10632,难度2单兵装备,,0,,,9,-1,0,,,-1,-1,-1,-1,,,,,,,-1,-1,702109,-1,-1,2,0,1,0
702309,ZY10634,难度2基因段,,0,,,9,-1,0,,,-1,-1,-1,-1,,,,,,,-1,-1,702309,-1,-1,2,0,1,0
703109,ZY10635,难度3单兵装备,,0,,,9,-1,0,,,-1,-1,-1,-1,,,,,,,-1,-1,703109,-1,-1,2,0,1,0
703309,ZY10637,难度3基因段,,0,,,9,-1,0,,,-1,-1,-1,-1,,,,,,,-1,-1,703309,-1,-1,2,0,1,0
704109,ZY10638,难度4单兵装备,,0,,,9,-1,0,,,-1,-1,-1,-1,,,,,,,-1,-1,704109,-1,-1,2,0,1,0
704309,ZY10640,难度4基因段,,0,,,9,-1,0,,,-1,-1,-1,-1,,,,,,,-1,-1,704309,-1,-1,2,0,1,0
705109,ZY10641,难度5单兵装备,,0,,,9,-1,0,,,-1,-1,-1,-1,,,,,,,-1,-1,705109,-1,-1,2,0,1,0
705309,ZY10643,难度5基因段,,0,,,9,-1,0,,,-1,-1,-1,-1,,,,,,,-1,-1,705309,-1,-1,2,0,1,0
840101,ZY10501,药剂组1,,0,,,9,-1,0,,,-1,-1,-1,-1,,,,,,,-1,-1,840101,-1,-1,2,0,1,0
840102,ZY10502,药剂组2,,0,,,9,-1,0,,,-1,-1,-1,-1,,,,,,,-1,-1,840102,-1,-1,2,0,1,0
840103,ZY10503,药剂组3,,0,,,9,-1,0,,,-1,-1,-1,-1,,,,,,,-1,-1,840103,-1,-1,2,0,1,0
840201,ZY10504,进化材料1组,,0,,,9,-1,0,,,-1,-1,-1,-1,,,,,,,-1,-1,840201,-1,-1,2,0,1,0
840202,ZY10505,进化材料2组,,0,,,9,-1,0,,,-1,-1,-1,-1,,,,,,,-1,-1,840202,-1,-1,2,0,1,0
840203,ZY10506,进化材料3组,,0,,,9,-1,0,,,-1,-1,-1,-1,,,,,,,-1,-1,840203,-1,-1,2,0,1,0
840204,ZY10507,进化材料4组,,0,,,9,-1,0,,,-1,-1,-1,-1,,,,,,,-1,-1,840204,-1,-1,2,0,1,0
840301,ZY10508,基因段1组,,0,,,9,-1,0,,,-1,-1,-1,-1,,,,,,,-1,-1,840301,-1,-1,2,0,1,0
840302,ZY10509,基因段2组,,0,,,9,-1,0,,,-1,-1,-1,-1,,,,,,,-1,-1,840302,-1,-1,2,0,1,0
840303,ZY10510,基因段3组,,0,,,9,-1,0,,,-1,-1,-1,-1,,,,,,,-1,-1,840303,-1,-1,2,0,1,0
840304,ZY10511,基因段4组,,0,,,9,-1,0,,,-1,-1,-1,-1,,,,,,,-1,-1,840304,-1,-1,2,0,1,0
840305,ZY10512,基因段5组,,0,,,9,-1,0,,,-1,-1,-1,-1,,,,,,,-1,-1,840305,-1,-1,2,0,1,0
840306,ZY10513,基因段6组,,0,,,9,-1,0,,,-1,-1,-1,-1,,,,,,,-1,-1,840306,-1,-1,2,0,1,0
840401,ZY10514,材料宝箱1,,0,,,9,-1,0,,,-1,-1,-1,-1,,,,,,,-1,-1,840401,-1,-1,2,0,1,0
840402,ZY10515,材料宝箱2,,0,,,9,-1,0,,,-1,-1,-1,-1,,,,,,,-1,-1,840402,-1,-1,2,0,1,0
840403,ZY10516,材料宝箱3,,0,,,9,-1,0,,,-1,-1,-1,-1,,,,,,,-1,-1,840403,-1,-1,2,0,1,0
840404,ZY10517,材料宝箱4,,0,,,9,-1,0,,,-1,-1,-1,-1,,,,,,,-1,-1,840404,-1,-1,2,0,1,0
840405,ZY10518,材料宝箱5,,0,,,9,-1,0,,,-1,-1,-1,-1,,,,,,,-1,-1,840405,-1,-1,2,0,1,0
840406,ZY10519,材料宝箱6,,0,,,9,-1,0,,,-1,-1,-1,-1,,,,,,,-1,-1,840406,-1,-1,2,0,1,0
900001,ZF90001,征服白色颗粒1,,0,,,9,-1,0,,,-1,-1,-1,-1,,,,,,,-1,-1,900001,-1,-1,2,0,1,0
900002,ZF90002,征服白色颗粒2,,0,,,9,-1,0,,,-1,-1,-1,-1,,,,,,,-1,-1,900002,-1,-1,2,0,1,0
900003,ZF90003,征服白色颗粒3,,0,,,9,-1,0,,,-1,-1,-1,-1,,,,,,,-1,-1,900003,-1,-1,2,0,1,0
900004,ZF90004,征服白色颗粒4,,0,,,9,-1,0,,,-1,-1,-1,-1,,,,,,,-1,-1,900004,-1,-1,2,0,1,0
900005,ZF90005,征服白色颗粒5,,0,,,9,-1,0,,,-1,-1,-1,-1,,,,,,,-1,-1,900005,-1,-1,2,0,1,0
900006,ZF90006,征服绿色颗粒1,,0,,,9,-1,0,,,-1,-1,-1,-1,,,,,,,-1,-1,900006,-1,-1,2,0,1,0
900007,ZF90007,征服绿色颗粒2,,0,,,9,-1,0,,,-1,-1,-1,-1,,,,,,,-1,-1,900007,-1,-1,2,0,1,0
900008,ZF90008,征服绿色颗粒3,,0,,,9,-1,0,,,-1,-1,-1,-1,,,,,,,-1,-1,900008,-1,-1,2,0,1,0
900009,ZF90009,征服绿色颗粒4,,0,,,9,-1,0,,,-1,-1,-1,-1,,,,,,,-1,-1,900009,-1,-1,2,0,1,0
900010,ZF90010,征服绿色颗粒5,,0,,,9,-1,0,,,-1,-1,-1,-1,,,,,,,-1,-1,900010,-1,-1,2,0,1,0
900011,ZF90011,征服蓝色颗粒1,,0,,,9,-1,0,,,-1,-1,-1,-1,,,,,,,-1,-1,900011,-1,-1,2,0,1,0
900012,ZF90012,征服蓝色颗粒2,,0,,,9,-1,0,,,-1,-1,-1,-1,,,,,,,-1,-1,900012,-1,-1,2,0,1,0
900013,ZF90013,征服蓝色颗粒3,,0,,,9,-1,0,,,-1,-1,-1,-1,,,,,,,-1,-1,900013,-1,-1,2,0,1,0
900014,ZF90014,征服蓝色颗粒4,,0,,,9,-1,0,,,-1,-1,-1,-1,,,,,,,-1,-1,900014,-1,-1,2,0,1,0
900015,ZF90015,征服蓝色颗粒5,,0,,,9,-1,0,,,-1,-1,-1,-1,,,,,,,-1,-1,900015,-1,-1,2,0,1,0
900016,ZF90016,征服紫色颗粒1,,0,,,9,-1,0,,,-1,-1,-1,-1,,,,,,,-1,-1,900016,-1,-1,2,0,1,0
900017,ZF90017,征服紫色颗粒2,,0,,,9,-1,0,,,-1,-1,-1,-1,,,,,,,-1,-1,900017,-1,-1,2,0,1,0
900018,ZF90018,征服紫色颗粒3,,0,,,9,-1,0,,,-1,-1,-1,-1,,,,,,,-1,-1,900018,-1,-1,2,0,1,0
900019,ZF90019,征服紫色颗粒4,,0,,,9,-1,0,,,-1,-1,-1,-1,,,,,,,-1,-1,900019,-1,-1,2,0,1,0
900020,ZF90020,征服紫色颗粒5,,0,,,9,-1,0,,,-1,-1,-1,-1,,,,,,,-1,-1,900020,-1,-1,2,0,1,0
900021,ZF90021,征服橙色颗粒1,,0,,,9,-1,0,,,-1,-1,-1,-1,,,,,,,-1,-1,900021,-1,-1,2,0,1,0
900022,ZF90022,征服橙色颗粒2,,0,,,9,-1,0,,,-1,-1,-1,-1,,,,,,,-1,-1,900022,-1,-1,2,0,1,0
900023,ZF90023,征服橙色颗粒3,,0,,,9,-1,0,,,-1,-1,-1,-1,,,,,,,-1,-1,900023,-1,-1,2,0,1,0
900024,ZF90024,征服橙色颗粒4,,0,,,9,-1,0,,,-1,-1,-1,-1,,,,,,,-1,-1,900024,-1,-1,2,0,1,0
900025,ZF90025,征服橙色颗粒5,,0,,,9,-1,0,,,-1,-1,-1,-1,,,,,,,-1,-1,900025,-1,-1,2,0,1,0
900026,ZF90026,征服绿色颗粒碎片1,,0,,,9,-1,0,,,-1,-1,-1,-1,,,,,,,-1,-1,900026,-1,-1,2,0,1,0
900027,ZF90027,征服绿色颗粒碎片2,,0,,,9,-1,0,,,-1,-1,-1,-1,,,,,,,-1,-1,900027,-1,-1,2,0,1,0
900028,ZF90028,征服绿色颗粒碎片3,,0,,,9,-1,0,,,-1,-1,-1,-1,,,,,,,-1,-1,900028,-1,-1,2,0,1,0
900029,ZF90029,征服蓝色颗粒碎片1,,0,,,9,-1,0,,,-1,-1,-1,-1,,,,,,,-1,-1,900029,-1,-1,2,0,1,0
900030,ZF90030,征服蓝色颗粒碎片2,,0,,,9,-1,0,,,-1,-1,-1,-1,,,,,,,-1,-1,900030,-1,-1,2,0,1,0
900031,ZF90031,征服蓝色颗粒碎片3,,0,,,9,-1,0,,,-1,-1,-1,-1,,,,,,,-1,-1,900031,-1,-1,2,0,1,0
900032,ZF90032,征服紫色颗粒碎片1,,0,,,9,-1,0,,,-1,-1,-1,-1,,,,,,,-1,-1,900032,-1,-1,2,0,1,0
900033,ZF90033,征服紫色颗粒碎片2,,0,,,9,-1,0,,,-1,-1,-1,-1,,,,,,,-1,-1,900033,-1,-1,2,0,1,0
900034,ZF90034,征服紫色颗粒碎片3,,0,,,9,-1,0,,,-1,-1,-1,-1,,,,,,,-1,-1,900034,-1,-1,2,0,1,0
900035,ZF90035,征服橙色颗粒碎片1,,0,,,9,-1,0,,,-1,-1,-1,-1,,,,,,,-1,-1,900035,-1,-1,2,0,1,0
900036,ZF90036,征服橙色颗粒碎片2,,0,,,9,-1,0,,,-1,-1,-1,-1,,,,,,,-1,-1,900036,-1,-1,2,0,1,0
900037,ZF90037,征服橙色颗粒碎片3,,0,,,9,-1,0,,,-1,-1,-1,-1,,,,,,,-1,-1,900037,-1,-1,2,0,1,0
